chunk_id,text,char_length,word_count,token_count,section_index,source_file,processed_date
1,defesa & meio ambiente preparo com sustentabilidade 1 defesa &! [ 1 _ image _ 0. png ] ( 1 _ image _ 0. png ) - preparo com sustentabilidade - sumario 5! [ 2 _ image _ 0. png ] ( 2 _ image _ 0. png ) apresentacao do ministro da defesa! [ 2 _ image _ 2. png ] ( 2 _ image _ 2. png )! [ 2 _ image _ 5. png ] ( 2 _ image _ 5. png,326,85,130,0,brazil_2017_DefenseEnvironment_noneng.md,2025-01-28 18:57:21
2,) i - a protecao do meio ambiente na defesa! [ 2 _ image _ 6. png ] ( 2 _ image _ 6. png )! [ 2 _ image _ 7. png ] ( 2 _ image _ 7. png ) ii - preservacao : um legado secular! [ 2 _ image _ 9. png ] ( 2 _ image _ 9. png )! [ 2 _ image _ 11. png ] ( 2 _ image _ 11. png ) iii - sustentabilidade 3 36! [ 2 _ image _ 1.,316,92,130,0,brazil_2017_DefenseEnvironment_noneng.md,2025-01-28 18:57:21
3,png ] ( 2 _ image _ 1. png ) iv - a recuperacao! [ 2 _ image _ 3. png ] ( 2 _ image _ 3. png )! [ 2 _ image _ 8. png ] ( 2 _ image _ 8. png ) conclusao! [ 2 _ image _ 10. png ] ( 2 _ image _ 10. png ) legislacao pertinente! [ 2 _ image _ 4. png ] ( 2 _ image _ 4. png ) v - operacoes em apoio ao meio ambient,308,89,130,0,brazil_2017_DefenseEnvironment_noneng.md,2025-01-28 18:57:21
4,##e 5 raul jungmann! [ 3 _ image _ 1. png ] ( 3 _ image _ 1. png ) ministro de estado da defesa,95,25,39,0,brazil_2017_DefenseEnvironment_noneng.md,2025-01-28 18:57:21
5,"# apresentacao do! [ 3 _ image _ 0. png ] ( 3 _ image _ 0. png ) ministro da defesa o ministerio da defesa apresenta o inedito livro verde de defesa, na esteira da atualizacao da triade de documentos oficiais brasileiros em materia de defesa - a politica nacional de defesa, a estrategia nacional de defesa e o livro branco de defesa nacional –, que foram entregues ao congresso nacional em novembro de 2016. os document",420,78,130,1,brazil_2017_DefenseEnvironment_noneng.md,2025-01-28 18:57:21
6,"##os de defesa, conhecidos mundialmente como papeis brancos, cumprem, entre outros, o importante papel de dar publicidade as acoes e prioridades da defesa, fomentando e qualificando o necessario debate sobre essa agenda, que pertence a todas as brasileiras e todos os brasileiros. tradicionalmente, a contribuicao das forcas armadas vai muito alem de sua missao precipua, de defesa",381,57,132,1,brazil_2017_DefenseEnvironment_noneng.md,2025-01-28 18:57:21
7,"do territorio e da soberania nacionais, e abarca a ocupacao e a integracao do territorio, bem como a promocao do desenvolvimento nacional. a protecao ambiental e o legado secular de preservacao, embora menos conhecidos, inserem - se tambem nesse nobre rol de atividades. intitulado "" defesa e meio ambiente - preparo com sustentabilidade "", o livro verde tem o objetivo de",372,61,130,1,brazil_2017_DefenseEnvironment_noneng.md,2025-01-28 18:57:21
8,"divulgar, em um formato moderno e acessivel, as boas praticas de gestao ambiental levadas a cabo pelo ministerio da defesa, pela marinha do brasil, pelo exercito brasileiro e pela forca aerea brasileira. com essa nova publicacao, compartilhamos com a sociedade informacoes sobre as medidas de protecao, preservacao, sustentabilidade e recuperacao ; e sobre as operacoes em apoio ao",381,58,130,1,brazil_2017_DefenseEnvironment_noneng.md,2025-01-28 18:57:21
9,meio ambiente por meio das quais o ministerio da defesa e as forcas armadas participam do esforco global em prol do meio ambiente.,130,23,42,1,brazil_2017_DefenseEnvironment_noneng.md,2025-01-28 18:57:21
10,"# i - a protecao do meio ambiente na defesa "" todos tem direito ao meio ambiente ecologicamente equilibrado "", declara a constituicao da republica federativa do brasil e cabe "" ao poder publico e a coletividade o dever de defende - lo e preserva - lo "". o debate do meio ambiente, alem de fazer parte da legislacao brasileira, e crucial para a preservacao da vida ; e o pais tem sid",382,73,130,2,brazil_2017_DefenseEnvironment_noneng.md,2025-01-28 18:57:21
11,"##o um ator importante neste campo, por conta de alguns bons exemplos, que, inclusive, ganharam reconhecimento internacional. destacam - se, por exemplo, a matriz energetica do brasil, a qual e essencialmente limpa ( verde ) ; as maiores reservas nacionais de agua doce do planeta ( 12 % do total ) ; alem de uma extensa cobertura vegetal preservada, com cerca de 516 milhoes de hectares ( at",392,68,132,2,brazil_2017_DefenseEnvironment_noneng.md,2025-01-28 18:57:21
12,"##ras apenas da russia ). e natural, portanto, que o ministerio da defesa e as forcas armadas desempenhem um papel de protagonismo na protecao do meio ambiente, estabelecendo normas e fiscalizando a sua devida execucao, promovendo boas praticas por todas as unidades militares e oferecendo qualificacao profissional adequada. o brasil e marcado por riquezas naturais diversificadas e cabe a defesa",397,60,132,2,brazil_2017_DefenseEnvironment_noneng.md,2025-01-28 18:57:21
13,"nao apenas proteger esse patrimonio, mas ajudar na sua preservacao como tarefa inerente ao trabalho das forcas. hidreletrica de itaipu",134,20,49,2,brazil_2017_DefenseEnvironment_noneng.md,2025-01-28 18:57:21
14,"# # forcas sustentaveis as forcas armadas, alem do seu papel na garantia da seguranca nacional, promovem a educacao ambiental, tendo como base o pensamento critico e inovador, com foco numa consciencia de manutencao do equilibrio ecologico. e os cinco eixos da agenda ambiental publica ( a3p ) sao observados e praticados pelas forcas. sao eles : o uso racional dos recursos nat",378,63,130,3,brazil_2017_DefenseEnvironment_noneng.md,2025-01-28 18:57:21
15,"##urais e bens publicos ; a gestao adequada dos residuos gerados ; a qualidade de vida no ambiente de trabalho ; a sensibilizacao e a capacitacao dos servidores ; e licitacoes e construcoes sustentaveis. merece destaque o cuidado com as aguas brasileiras. em 2002, por exemplo, a * * marinha do * * brasil promoveu a implantacao do sistema de gestao ambiental em",362,63,132,3,brazil_2017_DefenseEnvironment_noneng.md,2025-01-28 18:57:21
16,"suas organizacoes militares de terra que apresentavam atividades de potencial poluidor. a ideia era prevenir impactos negativos ao meio ambiente. essa decisao foi amparada pela lei de crimes ambientais ( nº 9. 605 / 1998 ) e pela lei do oleo ( nº 9. 966 / 2000 ). a norma nbr iso 14. 001 tambem balizou esta iniciativa. adicionalmente, coube a diretoria de",356,63,130,3,brazil_2017_DefenseEnvironment_noneng.md,2025-01-28 18:57:21
17,"portos e costas ( dpc ) o papel da gestao ambiental na marinha. nas operacoes com maior potencial poluidor, alem da elaboracao e manutencao de um sistema de gestao ambiental, tambem passaram a haver auditorias bienais. alem disso, as que porventura apresentem potencial de provocar incidente de poluicao das aguas por oleo passaram a dispor, tambem, de um plano de emergencia individual",386,62,130,3,brazil_2017_DefenseEnvironment_noneng.md,2025-01-28 18:57:21
18,". para os navios, a marinha adotou normas e procedimentos para regulamentar a elaboracao do plano emergencial de navio para poluicao por oleo, em complemento aos mecanismos de prevencao da poluicao ja adotados por eles.! [ 5 _ image _ 0. png ] ( 5 _ image _ 0. png ) as demais operacoes da marinha, com menor potencial de causar poluicao ambiental, por sua vez, passara",369,67,130,3,brazil_2017_DefenseEnvironment_noneng.md,2025-01-28 18:57:21
19,"##m a seguir um sistema simplificado, mas com o mesmo respeito a legislacao ambiental e adotando processos com foco na prevencao da poluicao. e inquestionavel que a poluicao das aguas por oleo, lubrificantes e combustiveis diversos e algo de grande impacto ambiental. com isso em mente, a marinha, em conjunto com a agencia nacional de petroleo ( anp ) e o instituto brasileiro do meio ambiente e dos rec",404,69,132,3,brazil_2017_DefenseEnvironment_noneng.md,2025-01-28 18:57:21
20,"##ursos naturais renovaveis ( ibama ), passou a ter uma participacao ativa na estrutura organizacional, podendo, ainda, exercer a funcao de coordenador operacional. a marinha tambem orienta as suas operacoes quanto a prevencao e a resposta a derramamentos de oleo, fazendo uso de barreiras de contencao que sao utilizadas de forma continua, seja em operacoes ou mesmo com os",374,59,132,3,brazil_2017_DefenseEnvironment_noneng.md,2025-01-28 18:57:21
21,"navios atracados nas bases, neutralizando ao maximo o impacto por residuos. alem disso, os navios atuam na fiscalizacao da poluicao hidrica, causada por embarcacoes, plataformas e as suas estruturas de apoio, por meio de acoes de patrulha e inspecao naval. complementarmente, a marinha conta com o apoio de parceiros para promover exercicios simulados de resposta a vazamentos,",377,57,130,3,brazil_2017_DefenseEnvironment_noneng.md,2025-01-28 18:57:21
22,"com foco no aperfeicoamento da sua atuacao. qualificacao profissional e outro aspecto crucial deste esforco. desde 2009, a disciplina "" educacao ambiental "" esta presente em todos os estabelecimentos do sistema de ensino naval e nos cursos do ensino profissional maritimo. ainda, a marinha promove intercambios, a partir de parcerias com instituicoes publicas e privadas, para a realiza",386,58,130,3,brazil_2017_DefenseEnvironment_noneng.md,2025-01-28 18:57:21
23,"##cao de cursos e seminarios voltados a conservacao ambiental. mas nao e apenas a marinha que zela pelos recursos naturais. desde 2011, o * * exercito brasileiro * * estabeleceu procedimentos operacionais, educativos, logisticos, tecnicos e administrativos para a gestao ambiental na sua organizacao. esta legislacao tambem contemplou a formacao de uma consciencia e uma",370,55,132,3,brazil_2017_DefenseEnvironment_noneng.md,2025-01-28 18:57:21
24,"sensibilizacao sobre a importancia e a necessidade da preservacao do meio ambiente. e inquestionavel que o exercito tem, na protecao do meio ambiente, parte fundamental do seu trabalho de defesa do pais e da integridade dos seus! [ 6 _ image _ 0. png ] ( 6 _ image _ 0. png ) patrimonios. e acoes sao desenvolvidas em todas as regioes do brasil, com destaque para",363,67,130,3,brazil_2017_DefenseEnvironment_noneng.md,2025-01-28 18:57:21
25,"a qualidade ambiental das unidades militares. adicionalmente, todos os integrantes do exercito tem um papel no sistema de gestao ambiental. na forca terrestre, e o departamento de engenharia e construcao que desempenha o papel de consultoria para temas ambientais. e a sua diretoria de patrimonio imobiliario e meio ambiente propoe e faz cumprir as normas relativas a protecao",376,58,130,3,brazil_2017_DefenseEnvironment_noneng.md,2025-01-28 18:57:21
26,"ambiental. no entanto, cada militar tem uma missao pessoal de zelar pelas areas onde o exercito atua. a gestao dos recursos naturais dos imoveis militares, alem do apoio! [ 6 _ image _ 1. png ] ( 6 _ image _ 1. png ) a natureza, tambem permite a viabilizacao de ambientes naturais apropriados para instrucoes e treinamentos. trata - se de um esforco",349,64,130,3,brazil_2017_DefenseEnvironment_noneng.md,2025-01-28 18:57:21
27,"coletivo que tem como missao o aperfeicoamento das estruturas e o estabelecimento de programas de gestao do solo, dos recursos hidricos, bem como o cuidado com a flora e a fauna. um exemplo disso e a definicao de padroes de qualidade relacionados ao uso e ao manejo de recursos naturais, com foco na utilizacao racional e na disponibilidade permanente, visando sempre o",369,62,130,3,brazil_2017_DefenseEnvironment_noneng.md,2025-01-28 18:57:21
28,"equilibrio ecologico. sede do 19º batalhao de cacadores, "" ilha verde "" em salvador - ba! [ 7 _ image _ 0. png ] ( 7 _ image _ 0. png )! [ 7 _ image _ 3. png ] ( 7 _ image _ 3. png )! [ 7 _ image _ 4. png ] ( 7 _ image _ 4. png ) como a marinha e o exercito, a * * forca aerea * *! [ 7 _ image _ 1. png ] ( 7",308,87,130,3,brazil_2017_DefenseEnvironment_noneng.md,2025-01-28 18:57:21
29,"_ image _ 1. png )! [ 7 _ image _ 2. png ] ( 7 _ image _ 2. png ) brasileira ( fab ) tambem tem na sua atuacao o comprometimento com a preservacao do meio ambiente e a promocao de uma consciencia de sustentabilidade. esta na sua doutrina basica a cooperacao para o desenvolvimento do pais, uma vez que empreende procedimentos para defender, preservar",350,67,130,3,brazil_2017_DefenseEnvironment_noneng.md,2025-01-28 18:57:21
30,"e recuperar o meio ambiente, estabelecendo processos de gestao ambiental nas suas organizacoes espalhadas pelo pais. no caso da aeronautica, a gestao do meio ambiente foi definida por uma resolucao denominada rca 12 - 1 / 2014, que estabeleceu a essencia 12 & 13 deste trabalho no ambito militar, com a adocao de criterios e padroes de sustentabilidade, alem",358,59,130,3,brazil_2017_DefenseEnvironment_noneng.md,2025-01-28 18:57:21
31,"do desenvolvimento e a execucao de projetos, como programas de reciclagem. em 2014, por exemplo, a fab realizou o "" primeiro seminario ambiental da forca aerea brasileira "", que reuniu entidades governamentais e da gestao publica para a discussao da sustentabilidade. atualmente, diversas medidas sao empreendidas em nivel nacional, e por todas as forcas, com foco na preservacao do mei",386,60,130,3,brazil_2017_DefenseEnvironment_noneng.md,2025-01-28 18:57:21
32,"##o ambiente, no estimulo a atividades educativas, na protecao de areas contra o desmatamento e na utilizacao de energia solar em predios militares.",148,23,52,3,brazil_2017_DefenseEnvironment_noneng.md,2025-01-28 18:57:21
33,"# # a defesa da amazonia o trabalho de protecao do meio ambiente vai muito alem da consciencia ecologica e das boas praticas dentro das instituicoes militares. e necessario, tambem, fazer uso de estudos, pesquisas e fiscalizacao estrategica relacionada aos recursos naturais do pais. a amazonia brasileira, com as suas caracteristicas climaticas e geograficas tao caracteristicas, nec",384,57,130,4,brazil_2017_DefenseEnvironment_noneng.md,2025-01-28 18:57:21
34,"##essita de dominio, interpretacao e analise constante ; isso e feito a partir de sensoriamento remoto com imagens via satelite, envolvendo unidades em brasilia, manaus, belem e porto velho, que coletam, analisam e divulgam dados. o ministerio da defesa, por intermedio do centro gestor e operacional do sistema de protecao da amazonia * * ( censipam ) * *, por exemplo, tem como objet",385,64,133,4,brazil_2017_DefenseEnvironment_noneng.md,2025-01-28 18:57:21
35,"##ivo a protecao da amazonia legal. e isso e empreendido a partir da sinergia das acoes de governo, bem como a articulacao, o planejamento e a integracao da gestao do conhecimento. com isso, a instituicao vem caminhando para se tornar referencia nacional e internacional na geracao, integracao e divulgacao de informacoes relacionadas a amazonia. para cumprir este proposito, o censipam est",390,61,132,4,brazil_2017_DefenseEnvironment_noneng.md,2025-01-28 18:57:21
36,"##abelece parcerias dentro e fora do brasil, promove estudos e pesquisas, como, por exemplo, sobre o risco de inundacoes e questoes relacionadas as bacias hidrograficas, ou mesmo tecnicas de geoprocessamento e sensoriamento remoto. o centro desenvolve, ainda, acoes de apoio as politicas publicas na regiao, utilizando o parque tecnologico para promover educa",359,52,131,4,brazil_2017_DefenseEnvironment_noneng.md,2025-01-28 18:57:21
37,"##cao, inclusao digital, saude, gestao ambiental, regularizacao fundiaria, ordenamento territorial, apoio a defesa civil, seguranca e cidadania. o uso dos canais de telecomunicacao via satelite, espalhados pela amazonia, tambem potencializa o intercambio de conhecimento e fortalece os programas estrategicos do governo. esta integracao das informacoes, em ambito federal, estadual e municipal, resulta no",405,53,132,4,brazil_2017_DefenseEnvironment_noneng.md,2025-01-28 18:57:21
38,"aprimoramento da gestao territorial da regiao. estes sao alguns exemplos que ilustram o trabalho em nivel nacional, literalmente por terra, agua e ar, no qual se percebe o comprometimento com a defesa do meio ambiente, a partir de politicas, praticas, estudos e intervencoes. trata - se de uma missao empreendida pelas forcas a partir da coordenacao do ministerio da defesa ; um compro",385,63,130,4,brazil_2017_DefenseEnvironment_noneng.md,2025-01-28 18:57:21
39,"##misso renovado diariamente, em nome da protecao de patrimonios nacionais, das fronteiras continentais a integridade das suas cidades ; da seguranca dos cidadaos a manutencao do equilibrio ecologico.! [ 8 _ image _ 0. png ] ( 8 _ image _ 0. png ) 14 & 15 # ii - preservacao : um legado secular as forcas armadas tem, em sua tradicao, a preservacao de biomas e areas verdes",373,69,132,4,brazil_2017_DefenseEnvironment_noneng.md,2025-01-28 18:57:21
40,"num pais de dimensoes continentais, como o brasil. e isso tambem e feito a partir de uma ampla estrutura de quarteis, bases e campos de instrucao ( alguns centenarios ), que contribuem para a preservacao de todos os patrimonios nacionais. um exemplo deste compromisso historico e o decreto nº 14. 273, de 28 de julho de 1920, que aprovou a regulamentacao do campo de instr",372,65,130,4,brazil_2017_DefenseEnvironment_noneng.md,2025-01-28 18:57:21
41,"##ucao de gericino, no rio de janeiro. diz o artigo 6º : "" e terminantemente proibido o corte de arvores desses bosques ou da serra de gericino, por parte das tropas. a administracao do campo organizara as instrucoes para o aproveitamento das matas [... ] de modo a impedir as derrubadas gerais que possam prejudicar o rendimento das aguas nascentes. uma arvore derrubad",370,63,132,4,brazil_2017_DefenseEnvironment_noneng.md,2025-01-28 18:57:21
42,"##a devera ser substituida por outra "".! [ 9 _ image _ 1. png ] ( 9 _ image _ 1. png )! [ 9 _ image _ 0. png ] ( 9 _ image _ 0. png ) outro exemplo vem da * * marinha do brasil * * que, ha mais de 100 anos, precisamente em 1906, demonstrou interesse na ilha da marambaia, no rio de janeiro, onde fundou, posteriormente, uma escola de aprendizes - marinhei",355,78,132,4,brazil_2017_DefenseEnvironment_noneng.md,2025-01-28 18:57:21
43,"##ros. na decada de 80, foi criado no local o centro de adestramento da ilha da marambaia, referencia na conservacao de extensa area de mata atlantica insular, a partir de inciativas como, por exemplo, da remocao total do lixo produzido na area. a presenca da marinha e fundamental, ainda, para o cumprimento das restricoes decorrentes de a ilha da marambaia ser uma area de protecao ambiental. a ilha",401,68,133,4,brazil_2017_DefenseEnvironment_noneng.md,2025-01-28 18:57:21
44,"e, atualmente, visitada por estudantes e pesquisadores em areas como botanica, ecologia, zoologia, arqueologia, climatologia e geoprocessamento. essas atividades de campo sao fruto de parcerias entre a marinha e diversas instituicoes de ensino. o exercito brasileiro tambem esta presente no local, ocupando uma area de quase 34 quilometros quadrados na restinga da marambaia. la",378,54,130,4,brazil_2017_DefenseEnvironment_noneng.md,2025-01-28 18:57:21
45,", a forca terrestre mantem o centro de tecnologia e o centro de avaliacoes do exercito. ambas as organizacoes desenvolvem pesquisa e empreendem atividades de avaliacao tecnicas e operacionais de carater militar, bem como apoiam pesquisadores de instituicoes civis e empresariais. a ampla atividade militar, porem, nao afeta a fauna e a flora locais",348,54,130,4,brazil_2017_DefenseEnvironment_noneng.md,2025-01-28 18:57:21
46,", que estao bem preservadas. na verdade, a presenca das forcas armadas na ilha da marambaia justamente garante a preservacao ecologica em 95 % da area ; razao pela qual a ilha e tao visitada por instituicoes de ensino em busca de especies tipicas da restinga, muitas ja em processo de extincao em outros locais da costa brasileira. no centro - oeste, a * * forca aerea brasileira (",381,69,130,4,brazil_2017_DefenseEnvironment_noneng.md,2025-01-28 18:57:21
47,"fab ) * *, por sua vez, mantem preservada uma area de 22 mil quilometros quadrados ( equivalente ao tamanho do estado de sergipe ), na serra do cachimbo ( divisa entre o para e o mato grosso ). la esta o campo de provas brigadeiro velloso, que abriga treinamentos militares e tambem empreende sobrevoos periodicos para a deteccao e inibicao de desmatamento. naquele local,",372,65,130,4,brazil_2017_DefenseEnvironment_noneng.md,2025-01-28 18:57:21
48,"a fab promove a reintegracao ao meio ambiente de diversas especies da fauna brasileira, que sao resgatadas do comercio ilegal pelo ibama. como exemplo, oncas e araras ameacadas de extincao, assim como papagaios mantidos em cativeiro. esses animais ganham um novo lar e a oportunidade de sobreviverem e se reproduzirem na serra. a fab tambem ajuda o ibama no transporte de animais",379,62,130,4,brazil_2017_DefenseEnvironment_noneng.md,2025-01-28 18:57:21
49,"silvestres. mas a serra do cachimbo e apenas parte deste trabalho em nivel nacional, empreendido pelas forcas. outro exemplo importante e a presenca da fab na amazonia, tanto na protecao das fronteiras como na preservacao dos recursos naturais. la, aeronaves de reconhecimento sao utilizadas para levantamentos de dados sobre o relevo, curso dos rios, queimadas e desmatamentos, entre outras miss",396,60,130,4,brazil_2017_DefenseEnvironment_noneng.md,2025-01-28 18:57:21
50,"##oes. essas acoes produzem imagens que sao posteriormente analisadas e acabam auxiliando na criacao de novas rotas para avioes e helicopteros.! [ 10 _ image _ 1. png ] ( 10 _ image _ 1. png ) ainda falando da presenca na amazonia, ha mais de 50 anos a aeronautica e responsavel por aproximar a regiao norte do resto do pais. aerodromos vem sendo construidos por todo o est",373,69,133,4,brazil_2017_DefenseEnvironment_noneng.md,2025-01-28 18:57:21
51,"##ado, dando capilaridade ao governo, que e capaz de chegar as comunidades indigenas e ribeirinhas, fundamentais na protecao da floresta tropical. e, para minimizar o impacto das construcoes militares na regiao, o replantio de arvores nativas e feito de forma continua. preservacao, para as forcas armadas, tambem significa a reducao na emissao de gases poluentes e reducao de ruido",382,59,133,4,brazil_2017_DefenseEnvironment_noneng.md,2025-01-28 18:57:21
52,". a fab, desde 2013, vem empreendendo medidas na navegacao aerea, como o! [ 10 _ image _ 0. png ] ( 10 _ image _ 0. png ) programa sirius, que permite a utilizacao de rotas mais diretas a partir do conceito de navegacao baseada em performance. ainda, a implantacao de 650 novos procedimentos nos terminais aereos do rio de janeiro e em sao paulo, resultou na reducao da emissao de ce",383,73,130,4,brazil_2017_DefenseEnvironment_noneng.md,2025-01-28 18:57:21
53,"##rca de 1. 800 toneladas por dia ( ou 460 mil toneladas / ano ) de co2 na atmosfera, a partir da economia de quase 560 toneladas de combustivel todos os dias. e importante lembrar, tambem, das novas metodologias no gerenciamento do trafego aereo, que permitiram reduzir em oito minutos 18 & 19 a rota da ponte aerea rio - sao paulo. outra melhoria significativa compreende",373,66,132,4,brazil_2017_DefenseEnvironment_noneng.md,2025-01-28 18:57:21
54,"os procedimentos de subida e descida, que foram modificados e passaram a ser realizados de forma continua, diminuindo a potencia utilizada dos motores e, assim, proporcionando menor exposicao das comunidades proximas aos aerodromos ao ruido gerado pelas aeronaves. no sul, o exercito, ha mais de 200 anos, ocupa uma area no rio grande do sul, o campo de instrucao barao de",372,61,130,4,brazil_2017_DefenseEnvironment_noneng.md,2025-01-28 18:57:21
55,"sao borja, com mais de 50 mil hectares. e mesmo com a intensidade dos exercicios militares, a flora e a fauna tipicas dos pampas vem sendo preservadas.! [ 11 _ image _ 1. png ] ( 11 _ image _ 1. png ) o campo e utilizado por unidades militares de todo o rio grande do sul, que desenvolvem exercicios taticos, incluindo o uso de tropas mecanizadas e blindada",357,69,130,4,brazil_2017_DefenseEnvironment_noneng.md,2025-01-28 18:57:21
56,"##s. alem da finalidade militar, a estrutura tambem atua em harmonia com as suas obrigacoes socioambientais, ao ceder o uso do territorio para arrendamentos.! [ 11 _ image _ 0. png ] ( 11 _ image _ 0. png ) 20 & 21 formosa, em goias, tambem merece mencao. no campo de instrucoes de formosa, um estudo sobre erosoes naturais vem sendo realizado desde 2012",354,65,132,4,brazil_2017_DefenseEnvironment_noneng.md,2025-01-28 18:57:21
57,", a partir de um acordo de cooperacao tecnica entre o comando da 11ª regiao militar do exercito brasileiro e a universidade de brasilia ( unb ). um estudo numa area de quase 15 mil hectares foi realizado, para o registro de 26 especies ( oito delas ameacadas de extincao ). a partir deste trabalho, especies de alta exigencia ecologica foram encontradas, como a onca - pintada,",377,67,130,4,brazil_2017_DefenseEnvironment_noneng.md,2025-01-28 18:57:21
58,"e especies raras, como o tatu - peba e a lontra, entre outros. o objetivo desta cooperacao e estudar e propor solucoes para erosoes naturais no local, que engloba uma area total de 105 mil hectares de cerrado ; e tambem realizar pesquisas cientificas para mapear e monitorar o campo de instrucao, alem de identificar as especies de mamiferos de medio e grande porte. a manutencao da",382,67,130,4,brazil_2017_DefenseEnvironment_noneng.md,2025-01-28 18:57:21
59,"diversidade neste local e fruto da extensao continua de vegetacao nativa e da heterogeneidade de habitats. e tambem um indicativo de que a atividade militar na regiao tem sido favoravel a preservacao ambiental.! [ 12 _ image _ 1. png ] ( 12 _ image _ 1. png ) 22 & 23 outro exemplo importante esta ligado a protecao do arquipelago de alcatrazes, em sao sebastia",361,66,130,4,brazil_2017_DefenseEnvironment_noneng.md,2025-01-28 18:57:21
60,"##o ( sao paulo ). de maneira a conciliar a seguranca nacional e a conservacao do ecossistema, o ministerio da defesa e o ministerio do meio ambiente ( mma ), com a intervencao da * * marinha * *, do ibama e do instituto chico mendes de conservacao e biodiversidade ( icmbio ), assinaram um termo de compromisso de maneira a garantir harmonia na gestao conjunta da area. a marinha promove acoes integ",400,73,132,4,brazil_2017_DefenseEnvironment_noneng.md,2025-01-28 18:57:21
61,"##radas de fiscalizacao, seguranca da navegacao, protecao da vida humana no mar e cumprimento da proibicao de fundeio de embarcacoes e da pratica do mergulho ao redor do arquipelago. quando ha exercicios de tiro por navios, a comunidade nautica e avisada previamente.! [ 12 _ image _ 0. png ] ( 12 _ image _ 0. png ) do sudeste vamos ao nordeste, on",349,64,132,4,brazil_2017_DefenseEnvironment_noneng.md,2025-01-28 18:57:21
62,"##de no recife ( pe ), inumeras acoes do * * exercito * * demonstram a preocupacao das forcas com a preservacao ambiental. um bom exemplo e a protecao do patrimonio ambiental no complexo militar do curado, sede do comando militar do nordeste e de outras seis organizacoes militares. em 2009, a campanha "" o verde protegendo o verde "" foi iniciada, com o proposito de plantar",374,67,132,4,brazil_2017_DefenseEnvironment_noneng.md,2025-01-28 18:57:21
63,"24 mil mudas de arvores em seis meses, sendo uma para cada militar que servia no local.! [ 13 _ image _ 0. png ] ( 13 _ image _ 0. png )! [ 13 _ image _ 2. png ] ( 13 _ image _ 2. png ) em pernambuco, encontra - se o parque historico nacional dos guararapes, que foi revitalizado pelo comando do exercito, com o objetivo de conservar e recuperar as cara",353,76,130,4,brazil_2017_DefenseEnvironment_noneng.md,2025-01-28 18:57:21
64,"##cteristicas naturais do lugar, marcado por tradicoes da forca terrestre. esse trabalho foi desenvolvido em parceria com o instituto do patrimonio historico e artistico nacional ( iphan ), com aprovacao do ministerio da cultura. a criacao, por intermedio de decreto presidencial, do comite interministerial para a revitalizacao do parque historico nacional dos guararapes, composto pelos * * ministerios da defesa e da cult",424,63,133,4,brazil_2017_DefenseEnvironment_noneng.md,2025-01-28 18:57:21
65,"##ura * *, permitira aproveitar os potenciais historico, turistico e cultural do parque, transformando - o em uma opcao sociocultural para estudantes, pesquisadores e turistas, alem de promover a inclusao social das comunidades carentes assentadas no seu entorno. este parque nacional e considerado o berco do exercito brasileiro, ja que foi palco da primeira batalha de tropas terrestres, em 1648, episodio que depois",418,63,133,4,brazil_2017_DefenseEnvironment_noneng.md,2025-01-28 18:57:21
66,"foi conhecido como a "" batalha dos guararapes "". a preservacao da fauna tambem e parte fundamental do compromisso das forcas com o equilibrio ambiental no brasil. o * centro de * instrucao de guerra na selva, em manaus, no amazonas, criado pelo exercito brasileiro ha mais de 50 anos, ocupa uma area de mais de 150 mil hectares e forma militares desde a decada de 60. nesta estrutura, ha",387,70,130,4,brazil_2017_DefenseEnvironment_noneng.md,2025-01-28 18:57:21
67,"um refugio para animais resgatados e que nao podem retornar a vida selvagem.! [ 13 _ image _ 1. png ] ( 13 _ image _ 1. png ) ao todo, 400 animais moram neste santuario do exercito e contam com todos os cuidados necessarios. por conta de um manejo preventivo eficiente, esses animais acabam vivendo muito mais do que se estivessem em seus ambientes naturais.",358,66,130,4,brazil_2017_DefenseEnvironment_noneng.md,2025-01-28 18:57:21
68,"em 2014, o espaco recebeu um aquario amazonico, com mais de 200 animais e uma oca do conhecimento, para atividades de carater educativo e preservacionista. esta area militar e altamente preservada e completamente integrada ao bioma. e, alem de se harmonizar com o ambiente, tambem apoia as atividades militares, proporcionando ao guerreiro de selva o conhecimento para atuacao no",379,59,130,4,brazil_2017_DefenseEnvironment_noneng.md,2025-01-28 18:57:21
69,"bioma amazonico. isso da ao militar o potencial de converter os riscos naturais em aliados. vale a pena ressaltar a importante interacao entre os * * ministerios da * * defesa e do meio ambiente, que vem realizando entendimentos para a delimitacao de areas de preservacao que seriam criadas dentro de areas militares ; destaca - se nessa iniciativa a conciliacao dos interesses de conservacao da natureza com os da",414,70,130,4,brazil_2017_DefenseEnvironment_noneng.md,2025-01-28 18:57:21
70,"defesa nacional. ou seja, serao mantidos, na integridade, os atributos para as quais as areas militares foram criadas, assim como o continuo aprimoramento da capacidade operacional das forcas armadas, ao mesmo tempo em que sera fortalecida a ideia do legado secular de preservacao do meio ambiente pela defesa.",310,48,101,4,brazil_2017_DefenseEnvironment_noneng.md,2025-01-28 18:57:21
71,"# iii - sustentabilidade consumir indefinidamente, sem exaurir os estoques naturais. esta e a melhor maneira de se compreender o conceito de sustentabilidade. e o que deve limitar o desenvolvimento nao e a capacidade de producao dos homens e das suas maquinas, mas o capital natural remanescente em torno delas, como as florestas e as aguas. outro aspecto importante e o control",378,62,130,5,brazil_2017_DefenseEnvironment_noneng.md,2025-01-28 18:57:21
72,"##e do desperdicio e a eficiencia na utilizacao dos recursos disponiveis. e preciso habitar, sem agredir o meio ambiente e consumir de forma assertiva. e esta nocao de sustentabilidade que permeia a gestao assertiva das acoes militares empreendidas pelas forcas armadas, sob tres perspectivas especificas : o uso ideal da energia ; o manuseio de residuos e substan",364,58,132,5,brazil_2017_DefenseEnvironment_noneng.md,2025-01-28 18:57:21
73,##cias ; e a maneira como as instalacoes militares sao construidas e mantidas.,78,13,31,5,brazil_2017_DefenseEnvironment_noneng.md,2025-01-28 18:57:21
74,"# # uso inteligente da energia a * * forca aerea brasileira * *, por exemplo, apostou na economia e na sustentabilidade ao utilizar energia solar para abastecer alguns destacamentos de controle do espaco aereo em regioes isoladas do norte do pais. a comunidade indigena de tirios, localizada na fronteira do para com o suriname, por exemplo, so pode ser acessada por transporte",377,63,130,6,brazil_2017_DefenseEnvironment_noneng.md,2025-01-28 18:57:21
75,"aereo, ja que nao ha estradas ou rios navegaveis por perto. mas a energia oriunda de placas solares abastece o local pela manha e, apenas a noite, geradores movidos a diesel sao utilizados. em funcionamento desde 2015, a energia solar possibilitou uma economia de 45 % nos custos de energia. outro exemplo importante e surucucu, em roraima, onde 144 placas f",358,61,130,6,brazil_2017_DefenseEnvironment_noneng.md,2025-01-28 18:57:21
76,"##otovoltaicas produzem ate 20kw de potencia, capazes de sustentar ( de forma autonoma ) o funcionamento de uma unidade militar por ate 15 horas diarias, desde 2013. alem disso, houve uma reducao no consumo de oleo diesel, de 5 mil litros / mes para 1, 5 mil litros / mes. ainda sobre energias renovaveis, a escola preparatoria de cadetes do ar, em barbacen",357,63,132,6,brazil_2017_DefenseEnvironment_noneng.md,2025-01-28 18:57:21
77,"##a ( mg ), adotou aquecimento solar, onde um sistema de placas possibilita uma economia de quase 156 mil kw / mes, o equivalente ao consumo de 777 residencias.! [ 14 _ image _ 0. png ] ( 14 _ image _ 0. png ) 26 & 27 ja o quartel - general do exercito, em brasilia ( df ), implantou, em abril de 2016, um projeto - piloto de geracao de energia foto",349,74,132,6,brazil_2017_DefenseEnvironment_noneng.md,2025-01-28 18:57:21
78,"##voltaica, produzida a partir de luz solar. a iniciativa foi realizada em parceria com a empresa itaipu binacional, com 360 paineis fotovoltaicos. esse sistema permite gerar, em media, 12. 000 kwh / mes. este e um dos primeiros sistemas hibridos de grande porte do brasil, integrando placas fotovoltaicas, baterias e a rede publica. a partir da experiencia adquirida",367,58,131,6,brazil_2017_DefenseEnvironment_noneng.md,2025-01-28 18:57:21
79,"no projeto, o exercito pretende instalar sistemas semelhantes em pelotoes especiais de fronteira na regiao norte do pais, aproveitando essa fonte limpa e de energia renovavel.! [ 15 _ image _ 0. png ] ( 15 _ image _ 0. png )",224,42,84,6,brazil_2017_DefenseEnvironment_noneng.md,2025-01-28 18:57:21
80,"# # manuseio de residuos convencoes internacionais, como a prevencao da poluicao causada por navios ( marpol 73 / 78 ) e o preparo, resposta e cooperacao em caso de poluicao por oleo ( oprc 90 ) estabelecem que navios mercantes petroleiros e demais embarcacoes com arqueacao bruta acima de 150 devem dispor de um plano de emergencia para prevenir e responder a derramamentos de ole",381,66,130,7,brazil_2017_DefenseEnvironment_noneng.md,2025-01-28 18:57:21
81,"##o no mar. o cumprimento destas normas e fiscalizado pela * * marinha do brasil * *. atenta a isso, a marinha atua para evitar que as suas operacoes militares possam causar emergencias ambientais. neste sentido, emprega uma serie de iniciativas, como a utilizacao de barreiras de contencao de oleo ; uso de mantas absorvedoras ; armazenamento adequado de oleo ; adequacao dos",376,63,132,7,brazil_2017_DefenseEnvironment_noneng.md,2025-01-28 18:57:21
82,"postos de abastecimento e a construcao de postos de combustivel com tanques suspensos. um exemplo e o deposito de combustiveis, localizado na area de protecao ambiental e recuperacao urbana do jequia, no rio de janeiro. a presenca da marinha nesta area contribui para a sua conservacao e preservacao. adicionalmente, a unidade possui um programa de eficiencia energetica para a economia de",389,61,130,7,brazil_2017_DefenseEnvironment_noneng.md,2025-01-28 18:57:21
83,"agua e energia eletrica, aprovado em auditoria ambiental realizada pela diretoria de portos e costas.! [ 15 _ image _ 1. png ] ( 15 _ image _ 1. png ) a marinha tambem empreende uma serie de outras praticas nas suas operacoes militares que merecem destaque. um bom exemplo e a coleta seletiva de lixo, na qual os residuos vegetais sao convertidos em adubo",355,65,130,7,brazil_2017_DefenseEnvironment_noneng.md,2025-01-28 18:57:21
84,"organico ; o oleo de cozinha inservivel e encaminhado para cooperativas de confeccao de sabao ; e a implantacao de ecopontos para o descarte correto de pilhas, baterias e materiais eletronicos. outras boas praticas incluem o uso de equipamentos que geram menos ruido. para evitar o lancamento de esgoto in natura, a marinha opera uma estacao de tratamento no centro",365,60,130,7,brazil_2017_DefenseEnvironment_noneng.md,2025-01-28 18:57:21
85,"de municao, responsavel pelo monitoramento diario dos efluentes. o * * exercito * * tambem merece destaque nesta area. a academia militar das agulhas negras tambem possui uma iniciativa relacionada ao tratamento de esgoto. desde 2015, a unidade vem viabilizando melhoria no tratamento de agua e esgoto no municipio de resende, no rio de janeiro, a partir de um",360,59,130,7,brazil_2017_DefenseEnvironment_noneng.md,2025-01-28 18:57:21
86,"contrato com a empresa concessionaria do municipio, com capacidade media de tratamento da estacao de 68 litros por segundo. este esforco contribui ainda para a melhoria e a preservacao do rio alambari, que corta a regiao. 30 & 31 o caderno de orientacao tecnica para instalacao, operacao e remocao de tanques subterraneos de combustivel compreende medidas de seguranca para neutralizar os risco",394,62,130,7,brazil_2017_DefenseEnvironment_noneng.md,2025-01-28 18:57:21
87,"##s ao se remover um tanque de combustivel. os postos de abastecimento, portanto, vem sendo atualizados para atender as novas normas ambientais, a partir de uma metodologia propria destinada ao minimo impacto ambiental. a * * forca aerea * *, como a marinha e o exercito, tambem promove acoes de preservacao nas suas unidades espalhadas pelo territorio nacional. atitudes como a reutilizacao",391,62,132,7,brazil_2017_DefenseEnvironment_noneng.md,2025-01-28 18:57:21
88,"de oleo de cozinha e a coleta seletiva sao empregadas de forma a minimizar o impacto ambiental destas organizacoes miliares. a base aerea de florianopolis, por exemplo, a partir de parceria com a associacao comercial e industrial local, implementou um programa destinado a preservacao e educacao ambiental, reducao de gordura no sistema de esgoto e melhoria da eficiencia no tratamento. ja em belem",398,63,130,7,brazil_2017_DefenseEnvironment_noneng.md,2025-01-28 18:57:21
89,", o projeto coleta seletiva solidaria foi criado envolvendo a comunidade num esforco pelo desenvolvimento local. os militares enviam os materiais devidamente separados a associacao dos catadores da coleta seletiva da cidade, o que, consequentemente, gera trabalho e renda. sao promovidas, ainda, palestras para estimular a conscientizacao sobre o descarte correto de res",370,53,130,7,brazil_2017_DefenseEnvironment_noneng.md,2025-01-28 18:57:21
90,"##iduos. no rio de janeiro, o parque de material de eletronica da aeronautica tambem possui um plano de gestao ambiental com foco no descarte correto de residuos. em apenas tres anos, 14 toneladas de residuos industriais foram processadas, minimizando a contaminacao do solo e das bacias hidricas. a unidade tambem promove a logistica reversa, na qual os residuos solidos sao dev",379,61,132,7,brazil_2017_DefenseEnvironment_noneng.md,2025-01-28 18:57:21
91,"##olvidos aos fabricantes, para reaproveitamento. desde 2013, esta unidade descarta toneis, pilhas e baterias desta forma. ja no grupamento de apoio do rio de janeiro, foram instalados hidrometros para evitar o desperdicio de agua, medida que reduziu em 20 mil metros cubicos o consumo, alem de uma economia de r $ 200 mil em apenas dois anos.! [ 16 _ image _ 0. png",366,64,132,7,brazil_2017_DefenseEnvironment_noneng.md,2025-01-28 18:57:21
92,"] ( 16 _ image _ 0. png ) por fim, o departamento de controle aereo, tambem no rio de janeiro, promove uma serie de inciativas dedicadas a preservacao ambiental. um bom exemplo e a rede de unidades de informacao, que integra a biblioteca as organizacoes militares subordinadas, permitindo que os usuarios nao tenham que imprimir nem enviar materiais por correio,",362,61,130,7,brazil_2017_DefenseEnvironment_noneng.md,2025-01-28 18:57:21
93,"o que tambem reduz os custos. complementarmente, ha um sistema de gestao documental que! [ 17 _ image _ 1. png ] ( 17 _ image _ 1. png ) permite que documentos circulem com assinatura eletronica e expedicao digital, reduzindo ainda mais a necessidade de impressao em papel. tal pratica tambem esta em uso no * * ministerio da defesa * * e nas demais forcas.! [ 17 _ image _",373,72,130,7,brazil_2017_DefenseEnvironment_noneng.md,2025-01-28 18:57:21
94,"0. png ] ( 17 _ image _ 0. png ) 32 & 33 # construcoes e contratos arquitetura sustentavel e construcao verde tambem fazem parte dos esforcos de conservacao empreendidos pelas forcas. os projetos do polo de tecnologia da informacao do exercito e a nova sede do superior tribunal militar, ambos em brasilia ( df ), sao bons exemplos da conciliacao de arquitetura",361,64,130,7,brazil_2017_DefenseEnvironment_noneng.md,2025-01-28 18:57:21
95,"moderna e sustentabilidade. tais projetos possuem chancela do programa de eficiencia energetica em edificacoes do programa nacional de conservacao de energia eletrica ( procel ), alem da certificacao leed, entregue a "" edificios verdes "". entre as principais inovacoes, destacam - se a utilizacao de sistemas construtivos de baixo impacto ambiental, que gastam menos agua,",372,55,130,7,brazil_2017_DefenseEnvironment_noneng.md,2025-01-28 18:57:21
96,"utilizam rios e equipamentos hidraulicos, alem de aquecimento solar e geracao de energia a partir de paineis fotovoltaicos. sao utilizados tambem materiais de construcao ecologicos, que priorizam materia - prima regional, reduzindo tempo de transporte e uso de combustivel, alem do estimulo a economia local.! [ 17 _ image _ 2. png ] ( 17 _ image _ 2. png ) qualifica",367,62,130,7,brazil_2017_DefenseEnvironment_noneng.md,2025-01-28 18:57:21
97,"##cao profissional no sistema de obras militares tambem merece destaque. uma acao, desenvolvida ao longo de 2016, envolveu profissionais de todos os escritorios regionais num curso voltado a eficiencia energetica nos edificios publicos, oferecido pelo ministerio do meio ambiente. a marinha tambem tem atuado neste campo. a ilha da madeira, no rio de janeiro, foi escolhida para a ins",384,59,132,7,brazil_2017_DefenseEnvironment_noneng.md,2025-01-28 18:57:21
98,"##talacao do estaleiro e base naval para construcao de submarinos convencionais e de propulsao nuclear. trata - se de uma area ambientalmente impactada, ja que, no passado, serviu de canteiro de obras para o porto de itaguai. a presenca das forcas nesta area, porem, representa o zelo pelo equilibrio natural do lugar.! [ 18 _ image _ 1. png ] ( 18 _ image _ 1. png ) 34 & 35 ao long",383,73,132,7,brazil_2017_DefenseEnvironment_noneng.md,2025-01-28 18:57:21
99,"##o de cinco anos, a partir de estudo de impacto ambiental! [ 18 _ image _ 0. png ] ( 18 _ image _ 0. png ) e em conformidade com a legislacao vigente, a marinha promoveu monitoramentos da qualidade da agua, da biota aquatica, da fauna terrestre, da qualidade do ar, das erosoes, da emissao de ruidos, de efluentes, da emissao de material particulado, alem de monitor",367,68,132,7,brazil_2017_DefenseEnvironment_noneng.md,2025-01-28 18:57:21
100,"##amentos relacionados a dragagem e aterro hidraulico. adicionalmente, ha gestao dos residuos oleosos e dos diversos tipos de residuos solidos. aquela area maritima estava contaminada por bolsoes de metais pesados e, por isso, nao poderia receber o descarte de sedimentos. com isso em mente, as obras de dragagem e aterro da unidade militar optaram por procedimentos de sub",373,58,133,7,brazil_2017_DefenseEnvironment_noneng.md,2025-01-28 18:57:21
101,"##stituicao de solo com atencao a protecao do meio ambiente marinho. outra preocupacao da marinha, durante a construcao, foi o monitoramento de ruidos submersos e o impacto sobre a populacao de botos cinzas, comuns na baia de sepetiba. a ong instituto boto cinza foi parceira neste monitoramento, concluido em 2014. e o saldo deste esforco foi positivo ; segundo relatorio",372,60,132,7,brazil_2017_DefenseEnvironment_noneng.md,2025-01-28 18:57:21
102,"da ong : "" foi possivel observar que os botos nao deixaram de frequentar as areas de influencia direta e indireta do empreendimento e apresentaram o mesmo padrao de distribuicao e atividade comportamental observado em outros estudos realizados na baia de sepetiba "". alem da marinha e do exercito, a forca aerea brasileira tambem empreende projetos de engenharia e ar",367,60,130,7,brazil_2017_DefenseEnvironment_noneng.md,2025-01-28 18:57:21
103,"##quitetura sustentaveis. todas as construcoes recentes da fab seguem as regras da etiqueta nacional de conservacao de energia ( ence ) e atendem ao plano de gestao logistica sustentavel. em 2016, por exemplo, um complexo residencial militar foi inaugurado em curitiba, fazendo uso do reaproveitamento da agua da chuva. outra iniciativa da aeronautica e a substituica",367,56,131,7,brazil_2017_DefenseEnvironment_noneng.md,2025-01-28 18:57:21
104,"##o gradativa do sistema de sinalizacao luminosa dos aerodromos, utilizando lampadas economicas. um exemplo e a pista de barbacena ( mg ), que utiliza tecnologia led pwm na sua iluminacao. essa tecnologia reduz o consumo de energia em cerca de 92 % por toda a vida util do equipamento, alem de proporcionar outras vantagens, como mais tempo de uso dos component",361,61,132,7,brazil_2017_DefenseEnvironment_noneng.md,2025-01-28 18:57:21
105,"##es, reducao de manutencao e diminuicao de material em estoque.",64,10,26,7,brazil_2017_DefenseEnvironment_noneng.md,2025-01-28 18:57:21
106,"# iv - a recuperacao o comprometimento com a preservacao e a defesa do patrimonio ambiental, empreendido pelas forcas em nivel nacional, e uma missao diaria, que se reflete desde acoes pequenas, como o manejo de residuos em complexos militares, a iniciativas de dimensoes regionais, como os esforcos na amazonia, na costa brasileira e na construcao de grandes complexos militares. no entanto, em al",398,64,130,8,brazil_2017_DefenseEnvironment_noneng.md,2025-01-28 18:57:21
107,"##guns casos, ha um esforco de recuperar o meio ambiente previamente afetado pela utilizacao nao sustentavel dos seus recursos. um bom exemplo e a area do patio ferroviario de brasilia que, durante anos, foi explorado para a extracao de material por conta da expansao urbana do distrito federal. sob a coordenacao do exercito, e conduzido um importante processo de recuperacao do solo",384,62,131,8,brazil_2017_DefenseEnvironment_noneng.md,2025-01-28 18:57:21
108,". este acordo de cooperacao tecnica, firmado em 2012, com a companhia de saneamento ambiental do distrito federal ( caesb ) e a companhia imobiliaria de brasilia ( terracap ) tambem conta com o apoio do instituto brasilia ambiental ( ibram ). a recuperacao florestal esta sendo feita a partir da destinacao correta de residuos : o solo proveniente das escavacoes de obras da terracap e o lodo de esgoto",402,70,130,8,brazil_2017_DefenseEnvironment_noneng.md,2025-01-28 18:57:21
109,"( biossolido ) produzido pela. o objetivo deste esforco e o reflorestamento de 195 hectares de solo.! [ 19 _ image _ 0. png ] ( 19 _ image _ 0. png ) os beneficios ja podem ser observados, como a reducao da carga de sedimentos oriundos de erosao, que tem impacto direto na qualidade dos sistemas de drenagem e das aguas da bacia do paranoa. a area tambem",354,69,130,8,brazil_2017_DefenseEnvironment_noneng.md,2025-01-28 18:57:21
110,"e objeto de pesquisas academicas e recebe visitas de pesquisadores, inclusive internacionais, para conhecimento das tecnicas utilizadas. o reflorestamento e um objetivo continuo das forcas. diversas unidades em todo o pais sao beneficiadas por este esforco. na academia em pirassununga ( sp ), por exemplo, mais de 700 mudas, de 300 especies de arvores, foram plantadas. no local,",380,58,130,8,brazil_2017_DefenseEnvironment_noneng.md,2025-01-28 18:57:21
111,"estao araucarias, tipicas do sul, e ate mesmo palmeiras do nordeste, alem de jarinas, acais e mognos, caracteristicos da amazonia.! [ 20 _ image _ 0. png ] ( 20 _ image _ 0. png ) outro exemplo esta em anapolis ( go ), onde a aeronautica implantou, em 2011, o projeto de controle de erosoes e reflorestamento com especies nativas e exoticas e ja contabiliza 16 mil",364,68,130,8,brazil_2017_DefenseEnvironment_noneng.md,2025-01-28 18:57:21
112,"mudas plantadas e cerca de 168 hectares recuperados. este esforco ajudou a adequar as bacias de contencao e curvas de nivel, de maneira a minimizar os processos erosivos e facilitar a absorcao da agua pelo solo, alem de contribuir para a preservacao das nascentes. esta iniciativa foi reconhecida, no mesmo ano, com o premio cea goias de meio ambiente e, em 2012,",363,62,130,8,brazil_2017_DefenseEnvironment_noneng.md,2025-01-28 18:57:21
113,"o premio planeta agua de consciencia ecologica, da revista planeta agua. ja em santa maria ( rs ), desde 2016, cerca de sete mil mudas foram plantadas nos arredores da pista de pouso. este esforco foi realizado em conjunto com o departamento de ciencias florestais e o curso de engenharia acustica da universidade federal de santa maria, com o proposito de criar uma barreira natural para amenizar o ruido dos pouso",415,71,130,8,brazil_2017_DefenseEnvironment_noneng.md,2025-01-28 18:57:21
114,"##s e decolagens, promovendo assim o bem - estar da comunidade proxima. outras unidades da fab tambem fazem o plantio sistematico de arvores para a recuperacao de areas degradadas - e tambem como uma iniciativa educativa, prestigiando a diversidade das regioes brasileiras.",273,42,100,8,brazil_2017_DefenseEnvironment_noneng.md,2025-01-28 18:57:21
115,"# v - operacoes em apoio ao meio ambiente a atuacao conjunta das forcas armadas em defesa do meio ambiente pode ser ilustrada pelo sucesso das operacoes agata, na fronteira do brasil, entre 2011 e 2016. em conjunto com o ibama e o icmbio, as forcas ja realizaram 287 inspecoes ( dados de 2015 ). a regiao amazonica responde pelo maior trecho de floresta tropical preservada no mundo. ainda assim,",396,70,130,9,brazil_2017_DefenseEnvironment_noneng.md,2025-01-28 18:57:21
116,"a amazonia brasileira e afetada pela pratica do desmatamento, que provoca perda da biodiversidade, alem do impacto no clima global. o periodo mais critico acontece entre outubro e abril ja que, por conta da densidade das nuvens no periodo chuvoso, o sistema de deteccao de desmatamento em tempo real, do instituto nacional de pesquisas espaciais ( inpe ), fica prejudicado, uma vez que na",388,64,130,9,brazil_2017_DefenseEnvironment_noneng.md,2025-01-28 18:57:21
117,"##o pode capturar imagens orbitais opticas ( algo de conhecimento dos criminosos ). para reverter esta situacao, o * * ministerio da defesa * * esta desenvolvendo o projeto amazonia sar, para ampliar a capacidade de deteccao de desmatamento, gerando alertas durante o periodo de chuvas intensas e assim complementando o sistema de deteccao do inpe. isso sera executado a partir do centro gestor",394,64,132,9,brazil_2017_DefenseEnvironment_noneng.md,2025-01-28 18:57:21
118,"e operacional do sistema de protecao amazonica ( censipam ), que tambem vai apoiar o ibama nas suas acoes de fiscalizacao contra crimes ambientais. este projeto utiliza radares para mapear o terrento e, assim, ter dimensao das areas de desmatamento ( mesmo com o ceu coberto ), complementando as informacoes obtidas por imagem via satelite. ao final desta inciativa, espera - se que a infraestrutura operacion",409,66,130,9,brazil_2017_DefenseEnvironment_noneng.md,2025-01-28 18:57:21
119,"##al seja capaz de monitorar 950 mil km² de floresta amazonica durante o periodo chuvoso e, com isso, a defesa espera contribuir para minimizar o dano ao patrimonio natural do brasil na regiao.! [ 21 _ image _ 0. png ] ( 21 _ image _ 0. png ) a amazonia legal possui uma area superior a 5 milhoes de km², englobando 1 / 3 das florestas tropicais do planeta. a regiao acolhe a maior",381,75,132,9,brazil_2017_DefenseEnvironment_noneng.md,2025-01-28 18:57:21
120,"diversidade biologica, abriga o maior rio e a maior bacia de agua doce no mundo. sao caracteristicas que definem uma regiao estrategica para o brasil e, portanto, e essencial garantir a sua integracao ao cenario nacional. com isso em mente, o governo federal iniciou em 2008 o projeto de implantacao do sistema de cartografia da amazonia, para promover o aprofundamento do conhecimento sobre a regiao",400,65,130,9,brazil_2017_DefenseEnvironment_noneng.md,2025-01-28 18:57:21
121,", a partir da coleta sistematica de dados, como zoneamento economico e ecologico, impacto no meio ambiente, fauna e flora, recursos minerais, estudos de implantacao de infraestrutura, demarcacao de areas de assentamento, agronegocio, desenvolvimento local, seguranca de fronteira, entre outros. estas informacoes estrategicas serao sempre compartilhadas com a sociedade civil e com os orgaos fed",395,55,130,9,brazil_2017_DefenseEnvironment_noneng.md,2025-01-28 18:57:21
122,"##erais, estaduais e municipais, como uma forma de promover planejamento e tomada de decisoes. as forcas, por meio do * * censipam * *, desenvolvem acoes de inteligencia tecnologica, fazendo uso de sensoriamento remoto, comunicacoes e tecnicas avancadas de analise de dados. fazem parte deste esforco inumeros outros orgaos da administracao publica, como a",356,54,132,9,brazil_2017_DefenseEnvironment_noneng.md,2025-01-28 18:57:21
123,"policia federal, a funai, o ibama, a abin, o icmbio, entre outros. alem dos multiplos esforcos de inteligencia, a aeronautica tambem opera na destruicao de pistas clandestinas, utilizadas por garimpos ilegais e pelo trafico de drogas. isso impede a retirada de recursos naturais e ajuda a preservar a integridade da regiao. outra importante contribuicao e o",357,56,130,9,brazil_2017_DefenseEnvironment_noneng.md,2025-01-28 18:57:21
124,"combate a incendios, nao apenas na regiao amazonica, mas em todo o territorio nacional. em 2015, a forca aerea apoiou operacao na chapada diamantina ( ba ) onde, em tres dias, uma aeronave c - 130 hercules lancou 150 mil litros de aguas em varias localidades. a agua, alem de evitar o alastramento dos focos, resfria o solo e permite o avanco de equipes em terra, como brigadistas",380,68,130,9,brazil_2017_DefenseEnvironment_noneng.md,2025-01-28 18:57:21
125,"e bombeiros que sao transportados por helicopteros, como o h - 36 caracal. no mesmo ano, a aeronautica transportou quase 20 toneladas de agentes extintores para conter o fogo no terminal da alemoa, em santos ( sp ), que atingiu seis tanques de combustivel, provocando um incendio que durou nove dias. a * * marinha do brasil * * tambem mantem forte presenca nos esforcos de preservacao e enfrentamento de",404,70,130,9,brazil_2017_DefenseEnvironment_noneng.md,2025-01-28 18:57:21
126,"crises. o ano de 2015 foi quando aconteceu o rompimento da barragem em mariana ( mg ), causando uma enxurrada de lama que avancou por cidades e rios, chegando ate o espirito santo. a marinha foi ate a regiao para apoiar os esforcos. um dos navios enviados foi o vital de oliveira, uma embarcacao de pesquisa hidroceonografica, responsavel pelo levantamento das condicoes da vida marin",384,65,130,9,brazil_2017_DefenseEnvironment_noneng.md,2025-01-28 18:57:21
127,"##ha na costa afetada pelo incidente. o navio vital de oliveira tem capacidade para coletar dados de oceanografia, meteorologia, geologia, entre outros insumos. possui, ainda, um veiculo de operacao remota, tres laboratorios, sala de reuniao e capacidade de comportar ate 40 pesquisadores. a embarcacao e fruto de um acordo de cooperacao firmado com o ministerio da defesa, o ministerio da",389,60,132,9,brazil_2017_DefenseEnvironment_noneng.md,2025-01-28 18:57:21
128,"ciencia, tecnologia, inovacao e comunicacoes ( mctic ) e as empresas petrobras e vale. e, juntamente com oito navios de pesquisa subordinados a marinha, o vital de oliveira auxilia as forcas na mitigacao de vulnerabilidades e riscos associados a eventos extremos.! [ 22 _ image _ 0. png ] ( 22 _ image _ 0. png ) 42 & 43 neste esforco pela coleta e anal",353,66,130,9,brazil_2017_DefenseEnvironment_noneng.md,2025-01-28 18:57:21
129,"##ise de dados, a marinha tambem enviou uma equipe de pesquisadores do instituto de estudos do mar almirante paulo moreira ( ieapm ). a equipe foi apoiada por membros da universidade federal do espirito santo ( ufes ).! [ 23 _ image _ 0. png ] ( 23 _ image _ 0. png ) para alem dos limites do territorio brasileiro, ao extremo austral do planeta esta o continente antartico, regia",380,71,133,9,brazil_2017_DefenseEnvironment_noneng.md,2025-01-28 18:57:21
130,"##o intimamente relacionada ao equilibrio do planeta. um verdadeiro laboratorio natural, onde a comunidade cientifica busca respostas para os diversos fenomenos relacionados a vida na terra. a estacao antartica comandante ferraz ( eacf ) representa o brasil naquele continente, seguindo as regulamentacoes do protocolo de madri, que impoe procedimentos a serem seguidos para a realizacao de pesquisas",400,57,132,9,brazil_2017_DefenseEnvironment_noneng.md,2025-01-28 18:57:21
131,"cientificas e apoios logisticos na regiao, assim como rigorosas regras e limitacoes a eliminacao de residuos e na adocao de medidas preventivas contra a poluicao marinha e para a avaliacao de impactos ambientais. o pais se mantem na vanguarda, pelo manejo ambiental exemplar da estacao. em conjunto com a polonia, apresentou uma proposta para tornar a baia do almirantado - local onde esta ins",393,64,130,9,brazil_2017_DefenseEnvironment_noneng.md,2025-01-28 18:57:21
132,"##talada a eacf - a primeira area antartica especialmente gerenciada, otimizando o planejamento e a coordenacao das atividades na area e restringindo possiveis interferencias e impactos ambientais.! [ 23 _ image _ 1. png ] ( 23 _ image _ 1. png ) a marinha adotou uma serie de diretrizes e acoes preventivas em sua missao antartica. em 2012, todos os residuos gerados pelo inc",376,65,132,9,brazil_2017_DefenseEnvironment_noneng.md,2025-01-28 18:57:21
133,"##endio ocorrido na eacf, em fevereiro daquele ano ( cerca de 900 toneladas ), foram coletados seletivamente e trazidos para o brasil. essa acao foi supervisionada por representantes do ministerio do meio ambiente e de outros paises. uma nova unidade ocupara o mesmo lugar e abrigara 64 profissionais numa area de 4. 500 m². com relacao a energia, sistemas complementares farao a cogeracao ( apr",395,65,132,9,brazil_2017_DefenseEnvironment_noneng.md,2025-01-28 18:57:21
134,"##oveitamento do calor gerado por motores e equipamentos ) ; ainda, paineis fotovoltaicos e motores eolicos garantirao energia por meio de vias renovaveis e seguras. a instalacao funcionara de forma sustentavel, com economia relevante de oleo diesel e consequente reducao na emissao de carbono.",294,44,106,9,brazil_2017_DefenseEnvironment_noneng.md,2025-01-28 18:57:21
135,"# # conclusao esta publicacao traz luz a apenas alguns destaques dos esforcos do ministerio da defesa e das forcas armadas pela defesa e a conservacao do patrimonio natural do brasil. o tema e de extrema relevancia e requer uma atencao permanente no ambito nacional e internacional, uma vez que o meio ambiente precisa ser uma preocupacao da vida humana no planeta. essa consciencia permeia a",392,66,130,10,brazil_2017_DefenseEnvironment_noneng.md,2025-01-28 18:57:21
136,"vida militar, como parte fundamental de seu zelo pela seguranca do brasil, sob todas as perspectivas. e isso e ilustrado claramente na lei complementar 97 / 1999, a qual determina que "" cabe as forcas armadas, alem de outras acoes pertinentes [... ] atuar, por meio de acoes preventivas e repressivas, na faixa de fronteira terrestre, no mar e nas aguas interiores, independentemente da posse, da",396,66,130,10,brazil_2017_DefenseEnvironment_noneng.md,2025-01-28 18:57:21
137,"propriedade, da finalidade ou de qualquer gravame que sobre ela recaia, contra delitos fronteiricos e ambientais "". na vida militar, com as suas atribuicoes e responsabilidades, tambem esta uma preocupacao intrinseca as forcas e ao ministerio da defesa, de empreender sustentabilidade na gestao de todas as suas iniciativas por todo o pais. trata - se de um compro",364,58,130,10,brazil_2017_DefenseEnvironment_noneng.md,2025-01-28 18:57:21
138,"##misso com o brasil, voltado a implementacao de boas praticas, a conscientizacao, com o objetivo de promover uma onda multiplicadora que envolva todos os cidadaos em nome de um mesmo objetivo ; apoiando, educando, fiscalizando, preservando, recuperando. e nosso, tambem, esse desafio.",285,42,103,10,brazil_2017_DefenseEnvironment_noneng.md,2025-01-28 18:57:21
139,"# legislacao pertinente decreto nº 5. 940, de 25 de outubro de 2006 - institui a separacao dos residuos reciclaveis descartados pelos orgaos e entidades da administracao publica federal ; decreto nº 4. 411, de 07 de outubro de 2002 - atuacao das forcas armadas e da policia federal nas unidades de conservacao ; lei complementar no 140, de 08 de dezembro de 2011 - fixa normas",376,67,130,11,brazil_2017_DefenseEnvironment_noneng.md,2025-01-28 18:57:21
140,", nos termos dos incisos iii, vi e vii do caput e do paragrafo unico do art. 23 da constituicao federal, para a cooperacao entre a uniao, os estados, o distrito federal e os municipios nas acoes administrativas decorrentes do exercicio da competencia comum relativas a protecao das paisagens naturais notaveis, meio ambiente, ao combate a poluicao e a preservacao das florestas, da fauna e da",392,66,130,11,brazil_2017_DefenseEnvironment_noneng.md,2025-01-28 18:57:21
141,"flora ; e altera a lei no 6. 938, de 31 de agosto de 1981 ; lei complementar nº 97, de 09 de junho de 1999 e suas alteracoes, a qual dispoe sobre as normas gerais para a organizacao, o preparo e o emprego das forcas armadas, ao estabelecer novas atribuicoes subsidiarias ; lei nº 12. 651, de 25 de maio de 2012 - institui o novo codigo florestal ; lei nº 12. 305, de 02",369,76,130,11,brazil_2017_DefenseEnvironment_noneng.md,2025-01-28 18:57:21
142,"de agosto de 2010 - institui a politica nacional de residuos solidos ; altera a lei no 9. 605, de 12 de fevereiro de 1998 ; e da outras providencias ; lei nº 9. 985, de 18 de julho de 2000 - sistema nacional de unidades de conservacao da natureza ( snuc ) ; lei nº 9. 795, de 27 de abril de 1999 - politica nacional de educacao ambiental ; lei nº 9. 605, de 12 de fevereiro de",376,80,130,11,brazil_2017_DefenseEnvironment_noneng.md,2025-01-28 18:57:21
143,"1998 - lei dos crimes ambientais ; lei nº 9. 433, de 08 de janeiro de 1997 - politica nacional de recursos hidricos ; lei nº 6. 938, de 31 de agosto de 1981 - politica nacional do meio ambiente. complementam a legislacao citada as normas especificas publicadas pelo ministerio da defesa e pelas forcas armadas.",310,56,99,11,brazil_2017_DefenseEnvironment_noneng.md,2025-01-28 18:57:21
144,# expediente ministro de estado da defesa raul jungmann producao : assessoria especial de planejamento - asplan assessoria de comunicacao social - ascom,152,23,46,12,brazil_2017_DefenseEnvironment_noneng.md,2025-01-28 18:57:21
145,# # fotografia : ministerio da defesa! [ 25 _ image _ 0. png ] ( 25 _ image _ 0. png ) marinha do brasil exercito brasileiro forca aerea brasileira daniel snege - itaipu nase sa! [ 26 _ image _ 0. png ] ( 26 _ image _ 0. png ),226,53,83,13,brazil_2017_DefenseEnvironment_noneng.md,2025-01-28 18:57:21
