"","file_names","country_name","year","title","language"
"1","albania_2004_NationalSecurity.pdf","albania","2004","National Security","eng"
"2","albania_2005_MilitaryStrategy.pdf","albania","2005","Military Strategy","eng"
"3","albania_2012_MilitaryReview.pdf","albania","2012","Military Review","eng"
"4","albania_2013_MilitaryReview.pdf","albania","2013","Military Review","eng"
"5","albania_2014_DirektivaEmbrojtjes_noneng.pdf","albania","2014","Direktiva Embrojtjes","noneng"
"6","albania_2014_NationalSecurity_noneng.pdf","albania","2014","National Security","noneng"
"7","albania_2016_FletorjaZyrtareERepublikesSeShqiperise_noneng.pdf","albania","2016","Fletorja Zyrtare E Republikes Se Shqiperise","noneng"
"8","albania_2017_DefenseDirective.pdf","albania","2017","Defense Directive","eng"
"9","albania_2019_DefenseDirective.pdf","albania","2019","Defense Directive","eng"
"10","albania_2020_AlbanianNationalCybersecurityStrategy.pdf","albania","2020","Albanian National Cybersecurity Strategy","eng"
"11","albania_2020_DefenceDirective.pdf","albania","2020","Defence Directive","eng"
"12","albania_2020_DefenseDirective.pdf","albania","2020","Defense Directive","eng"
"13","albania_2021_DefenseDirective.pdf","albania","2021","Defense Directive","eng"
"14","albania_2022_DefenseDirective.pdf","albania","2022","Defense Directive","eng"
"15","albania_2023_DefenseDirective.pdf","albania","2023","Defense Directive","eng"
"16","angola_2018_LivroBrancodeDefesaNacional_noneng.pdf","angola","2018","Livro Brancode Defesa Nacional","noneng"
"17","angola_2018_StrategicConceptofNationalDefense_noneng.pdf","angola","2018","Strategic Conceptof National Defense","noneng"
"18","argentina_1998_LibroBlancodelaDefensa_noneng.pdf","argentina","1998","Libro Blancodela Defensa","noneng"
"19","argentina_1999_WhitebookOnNationalDefense.pdf","argentina","1999","Whitebook On National Defense","eng"
"20","argentina_2007_ModernizationDefenseSector.pdf","argentina","2007","Modernization Defense Sector","eng"
"21","argentina_2010_LibroBlancoDeLaDefensa_noneng.pdf","argentina","2010","Libro Blanco De La Defensa","noneng"
"22","argentina_2015_LibroBlancodelaDefensa_noneng.pdf","argentina","2015","Libro Blancodela Defensa","noneng"
"23","argentina_2018_NationalDefencePolicyDirective_noneng.pdf","argentina","2018","National Defence Policy Directive","noneng"
"24","argentina_2018_NationalDefensePolicy.pdf","argentina","2018","National Defense Policy","eng"
"25","argentina_2021_NationalDefencePolicy.pdf","argentina","2021","National Defence Policy","eng"
"26","argentina_2021_NationalDefencePolicyDirective_noneng.pdf","argentina","2021","National Defence Policy Directive","noneng"
"27","armenia_2007_MilitaryDoctrine.pdf","armenia","2007","Military Doctrine","eng"
"28","armenia_2007_NationalSecurityStrategy.pdf","armenia","2007","National Security Strategy","eng"
"29","armenia_2020_NationalSecurityStrategy.pdf","armenia","2020","National Security Strategy","eng"
"30","aruba_2008_NationalSecurityPlan.pdf","aruba","2008","National Security Plan","eng"
"31","australia_1976_DefenceWhitePaper.pdf","australia","1976","Defence White Paper","eng"
"32","australia_1987_DefenceWhitePaper.pdf","australia","1987","Defence White Paper","eng"
"33","australia_1994_DefenceWhitePaper.pdf","australia","1994","Defence White Paper","eng"
"34","australia_2000_Defence.pdf","australia","2000","Defence","eng"
"35","australia_2000_DefenceWhitePaper.pdf","australia","2000","Defence White Paper","eng"
"36","australia_2003_AustraliasNationalSecurityADefenceUpdate.pdf","australia","2003","Australias National Security A Defence Update","eng"
"37","australia_2005_AustraliasNationalSecurityADefenceUpdate.pdf","australia","2005","Australias National Security A Defence Update","eng"
"38","australia_2005_NationalSecurityAdefenseupdate.pdf","australia","2005","National Security Adefenseupdate","eng"
"39","australia_2009_DefenceCapabilityPlan.pdf","australia","2009","Defence Capability Plan","eng"
"40","australia_2009_DefenceWhitePaper.pdf","australia","2009","Defence White Paper","eng"
"41","australia_2010_CounterterrorismWhitePaper.pdf","australia","2010","Counterterrorism White Paper","eng"
"42","australia_2012_AustraliaInTheAsianCentury.pdf","australia","2012","Australia In The Asian Century","eng"
"43","australia_2013_DefenceWhitePaper.pdf","australia","2013","Defence White Paper","eng"
"44","australia_2013_NationalSecurityStrategy.pdf","australia","2013","National Security Strategy","eng"
"45","australia_2013_StrategyForAustraliasNationalSecurity.pdf","australia","2013","Strategy For Australias National Security","eng"
"46","australia_2016_CyberSecurityStrategy.pdf","australia","2016","Cyber Security Strategy","eng"
"47","australia_2016_DefenceEnvironmentalStrategy.pdf","australia","2016","Defence Environmental Strategy","eng"
"48","australia_2016_DefenceIndustryPolicyStatement.pdf","australia","2016","Defence Industry Policy Statement","eng"
"49","australia_2016_DefenceWhitePaper.pdf","australia","2016","Defence White Paper","eng"
"50","australia_2016_IntegratedInvestmentProgram.pdf","australia","2016","Integrated Investment Program","eng"
"51","australia_2017_DefenceCorporatePlan.pdf","australia","2017","Defence Corporate Plan","eng"
"52","australia_2017_DefenceFamilyAndDomesticViolenceStrategy.pdf","australia","2017","Defence Family And Domestic Violence Strategy","eng"
"53","australia_2017_ForeignPolicyWhitePaper.pdf","australia","2017","Foreign Policy White Paper","eng"
"54","australia_2019_DefenceCorporatePlan.pdf","australia","2019","Defence Corporate Plan","eng"
"55","australia_2020_CyberSecurityStrategy.pdf","australia","2020","Cyber Security Strategy","eng"
"56","australia_2020_DefenceCorporatePlan.pdf","australia","2020","Defence Corporate Plan","eng"
"57","australia_2020_DefenceStrategicUpdate.pdf","australia","2020","Defence Strategic Update","eng"
"58","australia_2020_ForceStructurePlan.pdf","australia","2020","Force Structure Plan","eng"
"59","australia_2021_DefenceCorporatePlan.pdf","australia","2021","Defence Corporate Plan","eng"
"60","australia_2021_DefenceDataStrategy.pdf","australia","2021","Defence Data Strategy","eng"
"61","australia_2021_DefenceTestAndEvaluationStrategy.pdf","australia","2021","Defence Test And Evaluation Strategy","eng"
"62","australia_2022_DefenceCorporatePlan.pdf","australia","2022","Defence Corporate Plan","eng"
"63","australia_2022_DefenceCyberSecurityStrategy.pdf","australia","2022","Defence Cyber Security Strategy","eng"
"64","australia_2022_DefenceInformationAndCommunicationsTechnologyStrategy.pdf","australia","2022","Defence Information And Communications Technology Strategy","eng"
"65","australia_2023_AustralianCybersecurityStrategy .pdf","australia","2023","Australian Cybersecurity Strategy","eng"
"66","australia_2023_DefenceCorporatePlan.pdf","australia","2023","Defence Corporate Plan","eng"
"67","australia_2023_NationalDefence-DefenceStrategicReview.pdf","australia","2023","National Defence- Defence Strategic Review","eng"
"68","australia_2024_NationalDefenceStrategy.pdf","australia","2024","National Defence Strategy","eng"
"69","austria_2001_SecurityAndDefenceDoctrine.pdf","austria","2001","Security And Defence Doctrine","eng"
"70","austria_2004_Weissbuch_noneng.pdf","austria","2004","Weissbuch","noneng"
"71","austria_2006_Weissbuch_noneng.pdf","austria","2006","Weissbuch","noneng"
"72","austria_2008_Weissbuch_noneng.pdf","austria","2008","Weissbuch","noneng"
"73","austria_2010_Weissbuch_noneng.pdf","austria","2010","Weissbuch","noneng"
"74","austria_2012_Weissbuch_noneng.pdf","austria","2012","Weissbuch","noneng"
"75","austria_2013_AustrianSecurityStrategy.pdf","austria","2013","Austrian Security Strategy","eng"
"76","austria_2013_SecurityStrategy.pdf","austria","2013","Security Strategy","eng"
"77","austria_2014_Defensepolicy_noneng.pdf","austria","2014","Defensepolicy","noneng"
"78","austria_2015_MilitaryStrategicConcept_noneng.pdf","austria","2015","Military Strategic Concept","noneng"
"79","austria_2017_MilitaryStrategicConcept.pdf","austria","2017","Military Strategic Concept","eng"
"80","azerbaijan_2007_NationalSecurityConcept.pdf","azerbaijan","2007","National Security Concept","eng"
"81","azerbaijan_2007_NationalSecurityConceptOfTheRepublicOfAzerbaijan.pdf","azerbaijan","2007","National Security Concept Of The Republic Of Azerbaijan","eng"
"82","belarus_2002_MilitaryDoctrine_noneng.pdf","belarus","2002","Military Doctrine","noneng"
"83","belarus_2002_MilitaryDoctrine.pdf","belarus","2002","Military Doctrine","eng"
"84","belarus_2016_MilitaryDoctrine_noneng.pdf","belarus","2016","Military Doctrine","noneng"
"85","belgium_2000_ModernizationPlan.pdf","belgium","2000","Modernization Plan","eng"
"86","belgium_2003_DefenseMasterPlan_noneng.pdf","belgium","2003","Defense Master Plan","noneng"
"87","belgium_2014_TheValueOfTheBelgianDefence.pdf","belgium","2014","The Value Of The Belgian Defence","eng"
"88","belgium_2016_TheStrategicVisionForDefence.pdf","belgium","2016","The Strategic Vision For Defence","eng"
"89","belgium_2019_CyberStrategyForDefence.pdf","belgium","2019","Cyber Strategy For Defence","eng"
"90","belgium_2019_SecurityEnvironmentReview.pdf","belgium","2019","Security Environment Review","eng"
"91","belgium_2019_SecurityReview.pdf","belgium","2019","Security Review","eng"
"92","belgium_2021_CybersecurityStrategy.pdf","belgium","2021","Cybersecurity Strategy","eng"
"93","belgium_2021_StrategicVisionForDefenceUpdate.pdf","belgium","2021","Strategic Vision For Defence Update","eng"
"94","belgium_2022_NationalSecurityStrategy_noneng.pdf","belgium","2022","National Security Strategy","noneng"
"95","belize_2009_TheNationalSecurityStrategy.pdf","belize","2009","The National Security Strategy","eng"
"96","belize_2019_SecurityDefenceStrategy.pdf","belize","2019","Security Defence Strategy","eng"
"97","bermuda_2014_NationalSecurityandDefenseReview.pdf","bermuda","2014","National Securityand Defense Review","eng"
"98","bolivia_2004_LibroBlancodeDefensa_noneng (Case Conflict 1).pdf","bolivia","2004","Libro Blancode Defensa","noneng (Case Conflict 1)"
"99","bolivia_2004_LibroBlancoDeDefensa_noneng.pdf","bolivia","2004","Libro Blanco De Defensa","noneng"
"100","bolivia_2010_DefenceSecurityDoctrine.pdf","bolivia","2010","Defence Security Doctrine","eng"
"101","bolivia_2016_StrategicPlan.pdf","bolivia","2016","Strategic Plan","eng"
"102","bolivia_2020_InstitutionalStrategicPlanoftheMinistryofDefense2016_noneng.pdf","bolivia","2020","Institutional Strategic Planofthe Ministryof Defense2016","noneng"
"103","bosnia_2005_DefenceWhitePaper.pdf","bosnia","2005","Defence White Paper","eng"
"104","bosnia_2006_DefensePolicy.pdf","bosnia","2006","Defense Policy","eng"
"105","bosnia_2006_SecurityPolicy.pdf","bosnia","2006","Security Policy","eng"
"106","bosnia_2009_andHerzegovinaDefensePlanningPolicy_noneng.pdf","bosnia","2009","and Herzegovina Defense Planning Policy","noneng"
"107","brazil_1996_NationalDefencePolicy.pdf","brazil","1996","National Defence Policy","eng"
"108","brazil_1998_NationalDefencePolicy.pdf","brazil","1998","National Defence Policy","eng"
"109","brazil_2005_NationalDefencePolicy.pdf","brazil","2005","National Defence Policy","eng"
"110","brazil_2008_NationalStrategyOfDefense.pdf","brazil","2008","National Strategy Of Defense","eng"
"111","brazil_2012_DefenseWhitePaper.pdf","brazil","2012","Defense White Paper","eng"
"112","brazil_2016_DefenseWhitePaper.pdf","brazil","2016","Defense White Paper","eng"
"113","brazil_2016_NationalDefensePolicyandNationalDefenseStrategy_noneng.pdf","brazil","2016","National Defense Policyand National Defense Strategy","noneng"
"114","brazil_2017_DefenseEnvironment_noneng.pdf","brazil","2017","Defense Environment","noneng"
"115","brazil_2017_DefenseScenario_noneng.pdf","brazil","2017","Defense Scenario","noneng"
"116","brazil_2020_DefensePolicyStrategy.pdf","brazil","2020","Defense Policy Strategy","eng"
"117","brazil_2020_DefenseWhitePaper_noneng.pdf","brazil","2020","Defense White Paper","noneng"
"118","brazil_2020_NationalDefensePolicyandNationalDefenseStrategy_noneng.pdf","brazil","2020","National Defense Policyand National Defense Strategy","noneng"
"119","brunei_2004_WhitePaper.pdf","brunei","2004","White Paper","eng"
"120","brunei_2007_DefenceWhitePaperUpdate.pdf","brunei","2007","Defence White Paper Update","eng"
"121","brunei_2011_WhitePaper.pdf","brunei","2011","White Paper","eng"
"122","bulgaria_2002_MilitaryStrategyOfTheRepublicOfBulgaria.pdf","bulgaria","2002","Military Strategy Of The Republic Of Bulgaria","eng"
"123","bulgaria_2002_WhitePaperOnDefence.pdf","bulgaria","2002","White Paper On Defence","eng"
"124","bulgaria_2009_WhitePaperOnDefence.pdf","bulgaria","2009","White Paper On Defence","eng"
"125","bulgaria_2010_TheRepublicofBulgaria'sArmedForces'DevelopmentPlan.pdf","bulgaria","2010","The Republicof Bulgaria's Armed Forces' Development Plan","eng"
"126","bulgaria_2010_WhitePaperOnDefence.pdf","bulgaria","2010","White Paper On Defence","eng"
"127","bulgaria_2010_WhitePaperonDefenceandtheArmedForces.pdf","bulgaria","2010","White Paperon Defenceandthe Armed Forces","eng"
"128","bulgaria_2011_AnnualReportontheStatusofDefence.pdf","bulgaria","2011","Annual Reportonthe Statusof Defence","eng"
"129","bulgaria_2011_NationalDefenseStrategy.pdf","bulgaria","2011","National Defense Strategy","eng"
"130","bulgaria_2011_NationalSecurityStrategy.pdf","bulgaria","2011","National Security Strategy","eng"
"131","bulgaria_2011_Status_Defence.pdf","bulgaria","2011","Status","Defence"
"132","bulgaria_2014_NationalProgramme.pdf","bulgaria","2014","National Programme","eng"
"133","bulgaria_2015_ProgramfortheDevelopmentoftheDefenseCapabilities_noneng.pdf","bulgaria","2015","Programforthe Developmentofthe Defense Capabilities","noneng"
"134","bulgaria_2015_ProgrammeDevelopment.pdf","bulgaria","2015","Programme Development","eng"
"135","bulgaria_2017_BulgarianArmedForcesDoctrine_noneng.pdf","bulgaria","2017","Bulgarian Armed Forces Doctrine","noneng"
"136","bulgaria_2018_NationalSecurityStrategy_noneng.pdf","bulgaria","2018","National Security Strategy","noneng"
"137","bulgaria_2019_BulgariaNationalProgramDigitalBulgaria_noneng.pdf","bulgaria","2019","Bulgaria National Program Digital Bulgaria","noneng"
"138","bulgaria_2020_Bulgaria_DigitalTransformationOfBulgariaForPeriod20202030_noneng.pdf","bulgaria","2020","Bulgaria","DigitalTransformationOfBulgariaForPeriod20202030_noneng"
"139","bulgaria_2020_CyberBG_noneng.pdf","bulgaria","2020","Cyber B G","noneng"
"140","bulgaria_2021_ProgrammeDevelopment.pdf","bulgaria","2021","Programme Development","eng"
"141","burkinafaso_2004_SecuriteInterieure_noneng.pdf","burkinafaso","2004","Securite Interieure","noneng"
"142","cambodia_2000_DefendingTheKingdomOfCambodia.pdf","cambodia","2000","Defending The Kingdom Of Cambodia","eng"
"143","cambodia_2002_StrategicReview.pdf","cambodia","2002","Strategic Review","eng"
"144","cambodia_2006_DefendingTheKingdomOfCambodia.pdf","cambodia","2006","Defending The Kingdom Of Cambodia","eng"
"145","cambodia_2022_DefenseWhitePaper.pdf","cambodia","2022","Defense White Paper","eng"
"146","canada_1994_WhitePaper.pdf","canada","1994","White Paper","eng"
"147","canada_1994_WhitePaperonDefence.pdf","canada","1994","White Paperon Defence","eng"
"148","canada_2004_NationalSecurityPolicy.pdf","canada","2004","National Security Policy","eng"
"149","canada_2005_InternationalPolicyStatementDefence.pdf","canada","2005","International Policy Statement Defence","eng"
"150","canada_2005_InternationalPolicyStatementOverview.pdf","canada","2005","International Policy Statement Overview","eng"
"151","canada_2008_DefenceStrategy.pdf","canada","2008","Defence Strategy","eng"
"152","canada_2012_ReportOnPlansAndPriorities.pdf","canada","2012","Report On Plans And Priorities","eng"
"153","canada_2017_StrongSecureandEngagedCanadasDefencePolicy.pdf","canada","2017","Strong Secureand Engaged Canadas Defence Policy","eng"
"154","centralafricanrepublic_2017_NationalReformStrategyInTheSecuritySector_noneng.pdf","centralafricanrepublic","2017","National Reform Strategy In The Security Sector","noneng"
"155","centralafricanrepublic_2017_PlanNationalOfDefense_noneng.pdf","centralafricanrepublic","2017","Plan National Of Defense","noneng"
"156","chile_1997_NationalDefenseBook.pdf","chile","1997","National Defense Book","eng"
"157","chile_2002_BookNationalDefense_noneng.pdf","chile","2002","Book National Defense","noneng"
"158","chile_2002_BookNationalDefense.pdf","chile","2002","Book National Defense","eng"
"159","chile_2010_BookNationalDefense.pdf","chile","2010","Book National Defense","eng"
"160","chile_2010_LibrodelaDefensaNacional_noneng.pdf","chile","2010","Librodela Defensa Nacional","noneng"
"161","chile_2017_LibrodelaDefensaNacional_noneng.pdf","chile","2017","Librodela Defensa Nacional","noneng"
"162","chile_2020_PoliticadeDefensaNacionaldeChile_noneng.pdf","chile","2020","Politicade Defensa Nacionalde Chile","noneng"
"163","china_1995_ChinaDefenseWhitePaper.pdf","china","1995","China Defense White Paper","eng"
"164","china_1998_ChinaDefenseWhitePaper.pdf","china","1998","China Defense White Paper","eng"
"165","china_2000_ChinaDefenseWhitePaper.pdf","china","2000","China Defense White Paper","eng"
"166","china_2002_ChinaDefenseWhitePaper.pdf","china","2002","China Defense White Paper","eng"
"167","china_2004_ChinaDefenseWhitePaper.pdf","china","2004","China Defense White Paper","eng"
"168","china_2006_ChinaDefenseWhitePaper.pdf","china","2006","China Defense White Paper","eng"
"169","china_2008_NationalDefense.pdf","china","2008","National Defense","eng"
"170","china_2010_ChinasNationalDefense.pdf","china","2010","Chinas National Defense","eng"
"171","china_2010_NationalDefense.pdf","china","2010","National Defense","eng"
"172","china_2013_DiversifiedEmploymentOfChinasArmedForces.pdf","china","2013","Diversified Employment Of Chinas Armed Forces","eng"
"173","china_2014_MilitaryStrategy.pdf","china","2014","Military Strategy","eng"
"174","china_2015_MilitaryStrategy.pdf","china","2015","Military Strategy","eng"
"175","china_2019_ChinasNationalDefenseInTheNewEra.pdf","china","2019","Chinas National Defense In The New Era","eng"
"176","china_2019_DefenseWhitePaper.pdf","china","2019","Defense White Paper","eng"
"177","colombia_2003_PolicyForTheConsolidationOfDemocraticSecurity.pdf","colombia","2003","Policy For The Consolidation Of Democratic Security","eng"
"178","colombia_2003_PoliticaDeDefensaYSeguridadDemocratica.pdf","colombia","2003","Politica De Defensa Y Seguridad Democratica","eng"
"179","colombia_2007_PolicyForTheConsolidationOfDemocraticSecurity.pdf","colombia","2007","Policy For The Consolidation Of Democratic Security","eng"
"180","colombia_2011_ComprehensiveSecurityAndDefensePolicyforProsperity_noneng.pdf","colombia","2011","Comprehensive Security And Defense Policyfor Prosperity","noneng"
"181","colombia_2015_PolíticadeDefensaySeguridad_noneng.pdf","colombia","2015","Políticade Defensay Seguridad","noneng"
"182","colombia_2019_DefenseSecurityPolicy.pdf","colombia","2019","Defense Security Policy","eng"
"183","colombia_2019_PolíticadeDefensaySeguridad_noneng.pdf","colombia","2019","Políticade Defensay Seguridad","noneng"
"184","colombia_2022_NationalDefenseStrategy_noneng.pdf","colombia","2022","National Defense Strategy","noneng"
"185","cook_2023_IslandsNationalSecurityPolicy.pdf","cook","2023","Islands National Security Policy","eng"
"186","costa Rica_2018_IntegralPreventionStrategy.pdf","costa Rica","2018","Integral Prevention Strategy","eng"
"187","costarica_2021_NationalSecurityAndSafetyStrategy_noneng.pdf","costarica","2021","National Security And Safety Strategy","noneng"
"188","croatia_2002_StrategyForNationalSecurity.pdf","croatia","2002","Strategy For National Security","eng"
"189","croatia_2005_StrategicDefenceReview.pdf","croatia","2005","Strategic Defence Review","eng"
"190","croatia_2006_LongTermDevelopmentPlan.pdf","croatia","2006","Long Term Development Plan","eng"
"191","croatia_2013_NationalSecurityStrategy_noneng.pdf","croatia","2013","National Security Strategy","noneng"
"192","croatia_2015_LongTermDevelopmentPlan.pdf","croatia","2015","Long Term Development Plan","eng"
"193","croatia_2015_NationalCyberSecurityStrategy.pdf","croatia","2015","National Cyber Security Strategy","eng"
"194","croatia_2017_NationalSecurityStrategy.pdf","croatia","2017","National Security Strategy","eng"
"195","croatia_2018_StrategicDefenseReview_noneng.pdf","croatia","2018","Strategic Defense Review","noneng"
"196","czechrepublic_1995_WhitePaper_noneng.pdf","czechrepublic","1995","White Paper","noneng"
"197","czechrepublic_1997_NationalDefenceStrategy.pdf","czechrepublic","1997","National Defence Strategy","eng"
"198","czechrepublic_1999_MilitaryStrategy_noneng.pdf","czechrepublic","1999","Military Strategy","noneng"
"199","czechrepublic_1999_SecurityStrategy_noneng.pdf","czechrepublic","1999","Security Strategy","noneng"
"200","czechrepublic_2000_ReportOnForeignPolicy.pdf","czechrepublic","2000","Report On Foreign Policy","eng"
"201","czechrepublic_2001_SecurityStrategy.pdf","czechrepublic","2001","Security Strategy","eng"
"202","czechrepublic_2002_KoncepceVýstavbyProfesionálníArmady_noneng.pdf","czechrepublic","2002","Koncepce Výstavby Profesionální Armady","noneng"
"203","czechrepublic_2002_MilitaryStrategy.pdf","czechrepublic","2002","Military Strategy","eng"
"204","czechrepublic_2003_SecurityStrategy_noneng.pdf","czechrepublic","2003","Security Strategy","noneng"
"205","czechrepublic_2004_DoctrineArmedForces_noneng.pdf","czechrepublic","2004","Doctrine Armed Forces","noneng"
"206","czechrepublic_2004_DoctrineArmedForces.pdf","czechrepublic","2004","Doctrine Armed Forces","eng"
"207","czechrepublic_2004_MilitaryStrategy.pdf","czechrepublic","2004","Military Strategy","eng"
"208","czechrepublic_2006_ProfessionalArmedForces.pdf","czechrepublic","2006","Professional Armed Forces","eng"
"209","czechrepublic_2008_DevelopmentSecurity.pdf","czechrepublic","2008","Development Security","eng"
"210","czechrepublic_2008_MilitaryStrategy.pdf","czechrepublic","2008","Military Strategy","eng"
"211","czechrepublic_2011_SecurityStrategy.pdf","czechrepublic","2011","Security Strategy","eng"
"212","czechrepublic_2011_WhitePaperOnDefence.pdf","czechrepublic","2011","White Paper On Defence","eng"
"213","czechrepublic_2012_DefenceStrategy.pdf","czechrepublic","2012","Defence Strategy","eng"
"214","czechrepublic_2015_NationalSecurityStrategy.pdf","czechrepublic","2015","National Security Strategy","eng"
"215","czechrepublic_2015_SecurityStrategy.pdf","czechrepublic","2015","Security Strategy","eng"
"216","czechrepublic_2017_DefenseStrategy.pdf","czechrepublic","2017","Defense Strategy","eng"
"217","czechrepublic_2018_CyberDefenceStrategy.pdf","czechrepublic","2018","Cyber Defence Strategy","eng"
"218","czechrepublic_2019_LongtermPerspectiveForDefence.pdf","czechrepublic","2019","Longterm Perspective For Defence","eng"
"219","czechrepublic_2021_NationalCyberSecurity.pdf","czechrepublic","2021","National Cyber Security","eng"
"220","czechrepublic_2023_DefenseStrategy_noneng.pdf","czechrepublic","2023","Defense Strategy","noneng"
"221","czechrepublic_2023_SecurityStrategy.pdf","czechrepublic","2023","Security Strategy","eng"
"222","denmark_2004_DefenceAgreement.pdf","denmark","2004","Defence Agreement","eng"
"223","denmark_2008_DefenceGlobalEngagement.pdf","denmark","2008","Defence Global Engagement","eng"
"224","denmark_2009_DefenceAgreement.pdf","denmark","2009","Defence Agreement","eng"
"225","denmark_2010_DefenceAgreement.pdf","denmark","2010","Defence Agreement","eng"
"226","denmark_2013_DefenceAgreement.pdf","denmark","2013","Defence Agreement","eng"
"227","denmark_2014_OrganisationDefenceAddition.pdf","denmark","2014","Organisation Defence Addition","eng"
"228","denmark_2016_DefenceDiplomacy_noneng.pdf","denmark","2016","Defence Diplomacy","noneng"
"229","denmark_2017_ForeignAndSecurityPolicyStrategy.pdf","denmark","2017","Foreign And Security Policy Strategy","eng"
"230","denmark_2018_CyberAndInformationSecurityStrategy_noneng.pdf","denmark","2018","Cyber And Information Security Strategy","noneng"
"231","denmark_2018_CybersecurityStrategyForShipping_noneng.pdf","denmark","2018","Cybersecurity Strategy For Shipping","noneng"
"232","denmark_2018_DefenceAgreement.pdf","denmark","2018","Defence Agreement","eng"
"233","denmark_2019_ForeignAndSecurityPolicyStrategy.pdf","denmark","2019","Foreign And Security Policy Strategy","eng"
"234","denmark_2019_JointDoctrineForMilitaryCyberspaceOperations.pdf","denmark","2019","Joint Doctrine For Military Cyberspace Operations","eng"
"235","denmark_2021_CyberAndInformationSecurityStrategy.pdf","denmark","2021","Cyber And Information Security Strategy","eng"
"236","denmark_2022_ForeignAndSecurityPolicyStrategy.pdf","denmark","2022","Foreign And Security Policy Strategy","eng"
"237","denmark_2023_ForeignAndSecurityPolicyStrategy.pdf","denmark","2023","Foreign And Security Policy Strategy","eng"
"238","dominicanrepublic_2017_PlanEstrategicoInstitucionalPEI_noneng.pdf","dominicanrepublic","2017","Plan Estrategico Institucional P E I","noneng"
"239","ecuador_2002_PolíticadelaDefensaNacionaldelEcuador_noneng.pdf","ecuador","2002","Políticadela Defensa Nacionaldel Ecuador","noneng"
"240","ecuador_2006_LibroBlanco_noneng.pdf","ecuador","2006","Libro Blanco","noneng"
"241","ecuador_2008_NationalSecurityAgenda_noneng.pdf","ecuador","2008","National Security Agenda","noneng"
"242","ecuador_2011_DefensePolicyAgenda.pdf","ecuador","2011","Defense Policy Agenda","eng"
"243","ecuador_2014_AgendaPolíticadelaDefensa_noneng.pdf","ecuador","2014","Agenda Políticadela Defensa","noneng"
"244","ecuador_2018_PolíticadelaDefensaNacional_noneng.pdf","ecuador","2018","Políticadela Defensa Nacional","noneng"
"245","ecuador_2019_NationalIntegralSecurityPlan_noneng.pdf","ecuador","2019","National Integral Security Plan","noneng"
"246","elsalvador_1998_DefenseSecurityDevelopment_noneng.pdf","elsalvador","1998","Defense Security Development","noneng"
"247","elsalvador_2006_LibroDeLaDefensaNational_noneng.pdf","elsalvador","2006","Libro De La Defensa National","noneng"
"248","estonia_2001_NationalSecurityConcept.pdf","estonia","2001","National Security Concept","eng"
"249","estonia_2004_NationalSecurityConcept.pdf","estonia","2004","National Security Concept","eng"
"250","estonia_2005_ForeignPolicyYearbook.pdf","estonia","2005","Foreign Policy Yearbook","eng"
"251","estonia_2009_LongTermDefenceDevelopmentPlan.pdf","estonia","2009","Long Term Defence Development Plan","eng"
"252","estonia_2010_NationalSecurityConcept.pdf","estonia","2010","National Security Concept","eng"
"253","estonia_2011_NationalDefenceStrategy.pdf","estonia","2011","National Defence Strategy","eng"
"254","estonia_2013_LongTermDefenceDevelopmentPlan.pdf","estonia","2013","Long Term Defence Development Plan","eng"
"255","estonia_2013_NationalDefenceDevelopmentPlan.pdf","estonia","2013","National Defence Development Plan","eng"
"256","estonia_2016_InternationalSecurityAndEstonia.pdf","estonia","2016","International Security And Estonia","eng"
"257","estonia_2017_NationalDefenseDevelopmentProgram.pdf","estonia","2017","National Defense Development Program","eng"
"258","estonia_2017_NationalSecurityConcept.pdf","estonia","2017","National Security Concept","eng"
"259","estonia_2021_InternationalSecurityAndEstonia.pdf","estonia","2021","International Security And Estonia","eng"
"260","estonia_2023_InternationalSecurityAndEstonia.pdf","estonia","2023","International Security And Estonia","eng"
"261","estonia_2023_NationalSecurityConcept.pdf","estonia","2023","National Security Concept","eng"
"262","ethiopia_2002_ForeignAffairsAndNationalSecurityPolicy.pdf","ethiopia","2002","Foreign Affairs And National Security Policy","eng"
"263","ethiopia_2007_ForeignAffairsAndNationalSecurityPolicy.pdf","ethiopia","2007","Foreign Affairs And National Security Policy","eng"
"264","eu_2003_EuropeanSecurityStrategy.pdf","eu","2003","European Security Strategy","eng"
"265","finland_2001_SecurityAndDefencePolicy.pdf","finland","2001","Security And Defence Policy","eng"
"266","finland_2004_SecurityAndDefencePolicy.pdf","finland","2004","Security And Defence Policy","eng"
"267","finland_2006_MinistryofDefenceStrategy.pdf","finland","2006","Ministryof Defence Strategy","eng"
"268","finland_2009_SecurityAndDefencePolicy.pdf","finland","2009","Security And Defence Policy","eng"
"269","finland_2010_SecurityStrategyForSociety.pdf","finland","2010","Security Strategy For Society","eng"
"270","finland_2012_SecurityAndDefencePolicy.pdf","finland","2012","Security And Defence Policy","eng"
"271","finland_2013_CyberSecurityStrategy.pdf","finland","2013","Cyber Security Strategy","eng"
"272","finland_2013_ReviewOnFinlandsSecurityCooperation.pdf","finland","2013","Review On Finlands Security Cooperation","eng"
"273","finland_2016_ForeignandSecurityPolicy.pdf","finland","2016","Foreignand Security Policy","eng"
"274","finland_2017_CyberSecurityStrategy.pdf","finland","2017","Cyber Security Strategy","eng"
"275","finland_2017_DefenceReport.pdf","finland","2017","Defence Report","eng"
"276","finland_2017_SecurityStrategyForSociety.pdf","finland","2017","Security Strategy For Society","eng"
"277","finland_2020_ForeignAndSecurityPolicy.pdf","finland","2020","Foreign And Security Policy","eng"
"278","finland_2021_DefenceReport_noneng.pdf","finland","2021","Defence Report","noneng"
"279","finland_2021_DefenceReport.pdf","finland","2021","Defence Report","eng"
"280","france_1972_DefenseWhitePaper_noneng.pdf","france","1972","Defense White Paper","noneng"
"281","france_1994_DefenseWhitePaper_noneng.pdf","france","1994","Defense White Paper","noneng"
"282","france_2008_DefenceWhitePaper_noneng.pdf","france","2008","Defence White Paper","noneng"
"283","france_2008_DefenceWhitePaper.pdf","france","2008","Defence White Paper","eng"
"284","france_2013_DefenseWhitePaper_noneng.pdf","france","2013","Defense White Paper","noneng"
"285","france_2013_DefenseWhitePaper.pdf","france","2013","Defense White Paper","eng"
"286","france_2016_OverseasTerritoriesSecurityPlan_noneng.pdf","france","2016","Overseas Territories Security Plan","noneng"
"287","france_2017_DefenseAndNationalSecurityStrategicReview_noneng.pdf","france","2017","Defense And National Security Strategic Review","noneng"
"288","france_2017_DefenseAndNationalSecurityStrategicReview.pdf","france","2017","Defense And National Security Strategic Review","eng"
"289","france_2017_GuianaLocalSecurityPlan_noneng.pdf","france","2017","Guiana Local Security Plan","noneng"
"290","france_2021_StrategicUpdate.pdf","france","2021","Strategic Update","eng"
"291","gambia_2019_NationalSecurityPolicy.pdf","gambia","2019","National Security Policy","eng"
"292","georgia_2005_NationalSecurityConcept.pdf","georgia","2005","National Security Concept","eng"
"293","georgia_2007_NationalMilitaryStrategy.pdf","georgia","2007","National Military Strategy","eng"
"294","georgia_2010_GeorgianNationalMilitaryStrategy.pdf","georgia","2010","Georgian National Military Strategy","eng"
"295","georgia_2010_ThreatAssessment.pdf","georgia","2010","Threat Assessment","eng"
"296","georgia_2012_NationalSecurityConcept.pdf","georgia","2012","National Security Concept","eng"
"297","georgia_2013_WhitePaper_noneng.pdf","georgia","2013","White Paper","noneng"
"298","georgia_2014_NationalMilitaryStrategy.pdf","georgia","2014","National Military Strategy","eng"
"299","georgia_2014_WhitePaper_noneng.pdf","georgia","2014","White Paper","noneng"
"300","georgia_2017_StrategicDefenseReview.pdf","georgia","2017","Strategic Defense Review","eng"
"301","georgia_2017_WhitePaper_noneng.pdf","georgia","2017","White Paper","noneng"
"302","georgia_2020_NationalSecurityConcept_noneng.pdf","georgia","2020","National Security Concept","noneng"
"303","germany_1994_WhitePaper.pdf","germany","1994","White Paper","eng"
"304","germany_2003_DefencePolicyGuidelines.pdf","germany","2003","Defence Policy Guidelines","eng"
"305","germany_2004_Streitkraeftekonzept_noneng.pdf","germany","2004","Streitkraeftekonzept","noneng"
"306","germany_2006_WhitePaper.pdf","germany","2006","White Paper","eng"
"307","germany_2008_SecurityStrategy.pdf","germany","2008","Security Strategy","eng"
"308","germany_2009_EuropeanSecurityAndDefencePolicy.pdf","germany","2009","European Security And Defence Policy","eng"
"309","germany_2011_DefencePolicyGuidelines.pdf","germany","2011","Defence Policy Guidelines","eng"
"310","germany_2013_ForeignAndSecurityPolicy.pdf","germany","2013","Foreign And Security Policy","eng"
"311","germany_2013_KonzeptionDerBundeswehr_noneng.pdf","germany","2013","Konzeption Der Bundeswehr","noneng"
"312","germany_2016_WhitePaper_noneng.pdf","germany","2016","White Paper","noneng"
"313","germany_2016_WhitePaper.pdf","germany","2016","White Paper","eng"
"314","germany_2023_NationalSecurityStrategy.pdf","germany","2023","National Security Strategy","eng"
"315","greece_1997_WhitePaper.pdf","greece","1997","White Paper","eng"
"316","greece_2007_SecurityPolicy.pdf","greece","2007","Security Policy","eng"
"317","greece_2014_WhitePaper_noneng.pdf","greece","2014","White Paper","noneng"
"318","greece_2022_StrategicPlan.pdf","greece","2022","Strategic Plan","eng"
"319","guatemala_2001_NationalDefenseBook_noneng.pdf","guatemala","2001","National Defense Book","noneng"
"320","guatemala_2003_NationalDefenceBook_noneng.pdf","guatemala","2003","National Defence Book","noneng"
"321","guatemala_2012_NationalSecurityPolicy.pdf","guatemala","2012","National Security Policy","eng"
"322","guatemala_2013_NationalDefensePolicy_noneng.pdf","guatemala","2013","National Defense Policy","noneng"
"323","guatemala_2015_NationalDefenseBook_noneng.pdf","guatemala","2015","National Defense Book","noneng"
"324","guatemala_2015_SecurityWhitePaper_noneng.pdf","guatemala","2015","Security White Paper","noneng"
"325","guatemala_2017_NationalSecurityPolicy_noneng.pdf","guatemala","2017","National Security Policy","noneng"
"326","guatemala_2024_StrategicSecurityAgenda_noneng.pdf","guatemala","2024","Strategic Security Agenda","noneng"
"327","haiti_2015_WhitePaper_noneng.pdf","haiti","2015","White Paper","noneng"
"328","honduras_2005_LibroDeLaDefensaNacional_noneng.pdf","honduras","2005","Libro De La Defensa Nacional","noneng"
"329","hungary_1998_BasicPrinciplesOfSecurityAndDefensePolicy_noneng.pdf","hungary","1998","Basic Principles Of Security And Defense Policy","noneng"
"330","hungary_1998_SecurityDefensePolicy.pdf","hungary","1998","Security Defense Policy","eng"
"331","hungary_2004_NationalSecurityStrategy.pdf","hungary","2004","National Security Strategy","eng"
"332","hungary_2007_NationalSecurityStrategy.pdf","hungary","2007","National Security Strategy","eng"
"333","hungary_2012_NationalMilitaryStrategy.pdf","hungary","2012","National Military Strategy","eng"
"334","hungary_2012_NationalSecurityStrategy.pdf","hungary","2012","National Security Strategy","eng"
"335","hungary_2013_ NationalCyberSecurityStrategy.pdf","hungary","2013","National Cyber Security Strategy","eng"
"336","hungary_2014_NationalMilitaryStrategy_noneng.pdf","hungary","2014","National Military Strategy","noneng"
"337","hungary_2020_NationalSecurityStrategy_noneng.pdf","hungary","2020","National Security Strategy","noneng"
"338","hungary_2021_NationalMilitaryStrategy.pdf","hungary","2021","National Military Strategy","eng"
"339","iceland_2014_NationalCyberSecurityStrategy_noneng.pdf","iceland","2014","National Cyber Security Strategy","noneng"
"340","iceland_2014_NationalCyberSecurityStrategy.pdf","iceland","2014","National Cyber Security Strategy","eng"
"341","iceland_2016_NationalSecurityPolicy.pdf","iceland","2016","National Security Policy","eng"
"342","india_2002_AnnualReport.pdf","india","2002","Annual Report","eng"
"343","india_2003_AnnualReport.pdf","india","2003","Annual Report","eng"
"344","india_2004_AnnualReport.pdf","india","2004","Annual Report","eng"
"345","india_2004_ArmyDoctrine.pdf","india","2004","Army Doctrine","eng"
"346","india_2005_AnnualReport.pdf","india","2005","Annual Report","eng"
"347","india_2006_AnnualReport.pdf","india","2006","Annual Report","eng"
"348","india_2007_AnnualReport.pdf","india","2007","Annual Report","eng"
"349","india_2008_AnnualReport.pdf","india","2008","Annual Report","eng"
"350","india_2009_AnnualReport.pdf","india","2009","Annual Report","eng"
"351","india_2010_AnnualReport.pdf","india","2010","Annual Report","eng"
"352","india_2011_AnnualReport.pdf","india","2011","Annual Report","eng"
"353","india_2012_AirForceDoctrine.pdf","india","2012","Air Force Doctrine","eng"
"354","india_2012_AnnualReport.pdf","india","2012","Annual Report","eng"
"355","india_2013_AnnualReport.pdf","india","2013","Annual Report","eng"
"356","india_2014_AnnualReport.pdf","india","2014","Annual Report","eng"
"357","india_2015_AnnualReport.pdf","india","2015","Annual Report","eng"
"358","india_2016_AnnualReport.pdf","india","2016","Annual Report","eng"
"359","india_2017_AnnualReport.pdf","india","2017","Annual Report","eng"
"360","india_2018_AnnualReport.pdf","india","2018","Annual Report","eng"
"361","india_2019_NationalSecurityStrategy.pdf","india","2019","National Security Strategy","eng"
"362","indonesia_2003_DefendingTheCountry.pdf","indonesia","2003","Defending The Country","eng"
"363","indonesia_2015_DefenseWhitePaper.pdf","indonesia","2015","Defense White Paper","eng"
"364","iraq_2007_NationalSecurityStrategy.pdf","iraq","2007","National Security Strategy","eng"
"365","ireland_2000_WhitePaperOnDefence.pdf","ireland","2000","White Paper On Defence","eng"
"366","ireland_2003_StrategyStatement.pdf","ireland","2003","Strategy Statement","eng"
"367","ireland_2007_WhitePaperOnDefence.pdf","ireland","2007","White Paper On Defence","eng"
"368","ireland_2008_StrategyStatement.pdf","ireland","2008","Strategy Statement","eng"
"369","ireland_2011_StrategyStatement.pdf","ireland","2011","Strategy Statement","eng"
"370","ireland_2013_GreenPaper.pdf","ireland","2013","Green Paper","eng"
"371","ireland_2015_StrategyStatement.pdf","ireland","2015","Strategy Statement","eng"
"372","ireland_2015_WhitePaper.pdf","ireland","2015","White Paper","eng"
"373","ireland_2017_StrategyStatement.pdf","ireland","2017","Strategy Statement","eng"
"374","ireland_2019_WhitePaper.pdf","ireland","2019","White Paper","eng"
"375","israel_2015_DefenseDoctrine.pdf","israel","2015","Defense Doctrine","eng"
"376","israel_2016_DeterringTerror.pdf","israel","2016","Deterring Terror","eng"
"377","italy_2002_LibroBianco_noneng.pdf","italy","2002","Libro Bianco","noneng"
"378","italy_2004_ChodsStrategicConcept.pdf","italy","2004","Chods Strategic Concept","eng"
"379","italy_2004_ConcettoStrategico_noneng.pdf","italy","2004","Concetto Strategico","noneng"
"380","italy_2005_IlConcettoStrategico_noneng.pdf","italy","2005","Il Concetto Strategico","noneng"
"381","italy_2014_WhitePaperGuideline_noneng.pdf","italy","2014","White Paper Guideline","noneng"
"382","italy_2015_DefenseWhitepaper.pdf","italy","2015","Defense Whitepaper","eng"
"383","italy_2017_MinisteroDellaDifesa_noneng.pdf","italy","2017","Ministero Della Difesa","noneng"
"384","italy_2020_DirettivaGeneralePerLattivitaAmministrativaELaGestione_noneng.pdf","italy","2020","Direttiva Generale Per Lattivita Amministrativa E La Gestione","noneng"
"385","italy_2022_ChiefOfDefenceStrategicConcept.pdf","italy","2022","Chief Of Defence Strategic Concept","eng"
"386","italy_2022_IlConcettoStrategicoDelCapoDiStatoMaggioreDellaDifesa_noneng.pdf","italy","2022","Il Concetto Strategico Del Capo Di Stato Maggiore Della Difesa","noneng"
"387","jamaica_2006_NationalSecurityStrategy.pdf","jamaica","2006","National Security Strategy","eng"
"388","jamaica_2007_NationalSecurityPolicy.pdf","jamaica","2007","National Security Policy","eng"
"389","jamaica_2013_SecurityStrategy.pdf","jamaica","2013","Security Strategy","eng"
"390","japan_2004_DefenseOfJapan.pdf","japan","2004","Defense Of Japan","eng"
"391","japan_2005_DefenseOfJapan.pdf","japan","2005","Defense Of Japan","eng"
"392","japan_2006_DefenseOfJapan.pdf","japan","2006","Defense Of Japan","eng"
"393","japan_2007_DefenseOfJapan.pdf","japan","2007","Defense Of Japan","eng"
"394","japan_2008_DefenseOfJapan.pdf","japan","2008","Defense Of Japan","eng"
"395","japan_2009_DefenseOfJapan.pdf","japan","2009","Defense Of Japan","eng"
"396","japan_2010_DefenseOfJapan.pdf","japan","2010","Defense Of Japan","eng"
"397","japan_2011_NationalDefenseProgramGuidelines.pdf","japan","2011","National Defense Program Guidelines","eng"
"398","japan_2012_DefenseOfJapan.pdf","japan","2012","Defense Of Japan","eng"
"399","japan_2013_DefenseOfJapan.pdf","japan","2013","Defense Of Japan","eng"
"400","japan_2013_NationalSecurityStrategy.pdf","japan","2013","National Security Strategy","eng"
"401","japan_2014_DefenseOfJapan.pdf","japan","2014","Defense Of Japan","eng"
"402","japan_2015_DefenseOfJapan.pdf","japan","2015","Defense Of Japan","eng"
"403","japan_2016_DefenseOfJapan.pdf","japan","2016","Defense Of Japan","eng"
"404","japan_2017_DefenseOfJapan.pdf","japan","2017","Defense Of Japan","eng"
"405","japan_2018_CybersecurityStrategy.pdf","japan","2018","Cybersecurity Strategy","eng"
"406","japan_2018_DefenseOfJapan.pdf","japan","2018","Defense Of Japan","eng"
"407","japan_2019_DefenseOfJapan.pdf","japan","2019","Defense Of Japan","eng"
"408","japan_2019_NationalDefenseProgramGuidelines.pdf","japan","2019","National Defense Program Guidelines","eng"
"409","japan_2020_DefenseOfJapan.pdf","japan","2020","Defense Of Japan","eng"
"410","japan_2021_DefenseOfJapan.pdf","japan","2021","Defense Of Japan","eng"
"411","japan_2022_DefenseBuildupProgram.pdf","japan","2022","Defense Buildup Program","eng"
"412","japan_2022_DefenseOfJapan.pdf","japan","2022","Defense Of Japan","eng"
"413","japan_2022_NationalDefenseStrategy.pdf","japan","2022","National Defense Strategy","eng"
"414","japan_2022_NationalSecurityStrategyOfJapan.pdf","japan","2022","National Security Strategy Of Japan","eng"
"415","japan_2023_DefenseOfJapan.pdf","japan","2023","Defense Of Japan","eng"
"416","japan_2024_DefenseOfJapan.pdf","japan","2024","Defense Of Japan","eng"
"417","kenya_2017_WhitePaper.pdf","kenya","2017","White Paper","eng"
"418","kyrgyzstan_2021_OnTheConceptofNationalSecurity_noneng.pdf","kyrgyzstan","2021","On The Conceptof National Security","noneng"
"419","latvia_1995_DefenseConcept.pdf","latvia","1995","Defense Concept","eng"
"420","latvia_1995_NationalDefenseConcept_noneng.pdf","latvia","1995","National Defense Concept","noneng"
"421","latvia_2002_NationalSecurityConcept_noneng.pdf","latvia","2002","National Security Concept","noneng"
"422","latvia_2003_NationalDefenceConcept.pdf","latvia","2003","National Defence Concept","eng"
"423","latvia_2003_StateDefencePolicy.pdf","latvia","2003","State Defence Policy","eng"
"424","latvia_2005_NationalSecurityConcept.pdf","latvia","2005","National Security Concept","eng"
"425","latvia_2008_NationalDefenceConcept_noneng.pdf","latvia","2008","National Defence Concept","noneng"
"426","latvia_2008_NationalDefenceConcept.pdf","latvia","2008","National Defence Concept","eng"
"427","latvia_2008_NationalSecurityConcept.pdf","latvia","2008","National Security Concept","eng"
"428","latvia_2011_NationalSecurityConcept.pdf","latvia","2011","National Security Concept","eng"
"429","latvia_2012_StateDefenseConcept.pdf","latvia","2012","State Defense Concept","eng"
"430","latvia_2013_CyberDefenceUnitConcept.pdf","latvia","2013","Cyber Defence Unit Concept","eng"
"431","latvia_2014_CyberSecurityStrategy.pdf","latvia","2014","Cyber Security Strategy","eng"
"432","latvia_2015_NationalSecurityConcept_noneng.pdf","latvia","2015","National Security Concept","noneng"
"433","latvia_2016_NationalDefenceConcept.pdf","latvia","2016","National Defence Concept","eng"
"434","latvia_2016_NationalSecurityConcept.pdf","latvia","2016","National Security Concept","eng"
"435","latvia_2019_NationalSecurityConcept.pdf","latvia","2019","National Security Concept","eng"
"436","latvia_2020_NationalDefenceConcept_noneng.pdf","latvia","2020","National Defence Concept","noneng"
"437","latvia_2020_NationalDefenseConcept.pdf","latvia","2020","National Defense Concept","eng"
"438","latvia_2023_StateDefenceConcept.pdf","latvia","2023","State Defence Concept","eng"
"439","lebanon_2018_StrategicPlan.pdf","lebanon","2018","Strategic Plan","eng"
"440","liberia_2008_NationalSecurityStrategy.pdf","liberia","2008","National Security Strategy","eng"
"441","liberia_2014_NationalDefenseStrategy.pdf","liberia","2014","National Defense Strategy","eng"
"442","lithuania_2002_DefencePolicy.pdf","lithuania","2002","Defence Policy","eng"
"443","lithuania_2002_NationalSecurityStrategy.pdf","lithuania","2002","National Security Strategy","eng"
"444","lithuania_2004_MilitaryStrategyOfLithuania.pdf","lithuania","2004","Military Strategy Of Lithuania","eng"
"445","lithuania_2006_WhitePaper.pdf","lithuania","2006","White Paper","eng"
"446","lithuania_2008_GuidelinesOfTheMinisterOfNationalDefence.pdf","lithuania","2008","Guidelines Of The Minister Of National Defence","eng"
"447","lithuania_2011_DefencePolicy.pdf","lithuania","2011","Defence Policy","eng"
"448","lithuania_2011_DefensePolicy.pdf","lithuania","2011","Defense Policy","eng"
"449","lithuania_2012_MilitaryStrategy.pdf","lithuania","2012","Military Strategy","eng"
"450","lithuania_2012_NationalSecurityStrategy.pdf","lithuania","2012","National Security Strategy","eng"
"451","lithuania_2013_TheWorld2030.pdf","lithuania","2013","The World2030","eng"
"452","lithuania_2015_GuidelinesOfTheMinisterOfNationalDefence.pdf","lithuania","2015","Guidelines Of The Minister Of National Defence","eng"
"453","lithuania_2016_MilitaryStrategy.pdf","lithuania","2016","Military Strategy","eng"
"454","lithuania_2017_NationalSecurityStrategy.pdf","lithuania","2017","National Security Strategy","eng"
"455","lithuania_2017_WhitePaper.pdf","lithuania","2017","White Paper","eng"
"456","lithuania_2018_CyberSecurityStrategy.pdf","lithuania","2018","Cyber Security Strategy","eng"
"457","lithuania_2018_LawOnCyberSecurity.pdf","lithuania","2018","Law On Cyber Security","eng"
"458","lithuania_2020_NationalThreatAssessment.pdf","lithuania","2020","National Threat Assessment","eng"
"459","lithuania_2021_NationalSecurityStrategy.pdf","lithuania","2021","National Security Strategy","eng"
"460","lithuania_2022_NationalDefenseSystem_noneng.pdf","lithuania","2022","National Defense System","noneng"
"461","lithuania_2023_NationalThreatAssessment.pdf","lithuania","2023","National Threat Assessment","eng"
"462","luxembourg_2011_Rapportdactivite_noneng.pdf","luxembourg","2011","Rapportdactivite","noneng"
"463","luxembourg_2012_DeclarationOnForeignPolicy.pdf","luxembourg","2012","Declaration On Foreign Policy","eng"
"464","luxembourg_2017_DefenceGuidelines.pdf","luxembourg","2017","Defence Guidelines","eng"
"465","luxembourg_2019_Declaration.pdf","luxembourg","2019","Declaration","eng"
"466","luxembourg_2023_DefenceGuidelines.pdf","luxembourg","2023","Defence Guidelines","eng"
"467","malaysia_2019_NationalSecurityPolicy.pdf","malaysia","2019","National Security Policy","eng"
"468","malaysia_2020_DefenceWhitePaper.pdf","malaysia","2020","Defence White Paper","eng"
"469","maldives_2012_NationalSecurityPolicy.pdf","maldives","2012","National Security Policy","eng"
"470","malta_2016_StrategyPaper.pdf","malta","2016","Strategy Paper","eng"
"471","malta_2017_StrategyPaper.pdf","malta","2017","Strategy Paper","eng"
"472","mexico_2004_DefenseWhitePaper_noneng.pdf","mexico","2004","Defense White Paper","noneng"
"473","mexico_2005_WhitePaper.pdf","mexico","2005","White Paper","eng"
"474","mexico_2013_DefenseProgram.pdf","mexico","2013","Defense Program","eng"
"475","mexico_2014_NationalSecurityProgram_noneng.pdf","mexico","2014","National Security Program","noneng"
"476","mexico_2014_SecurityProgram.pdf","mexico","2014","Security Program","eng"
"477","mexico_2018_NationalSecurityStrategy_noneng.pdf","mexico","2018","National Security Strategy","noneng"
"478","moldova_2005_NationalSecurityConcept.pdf","moldova","2005","National Security Concept","eng"
"479","moldova_2011_NationalSecurityStrategy.pdf","moldova","2011","National Security Strategy","eng"
"480","moldova_2023_NationalSecurityStrategy_noneng.pdf","moldova","2023","National Security Strategy","noneng"
"481","mongolia_1998_DefenseWhitePaper.pdf","mongolia","1998","Defense White Paper","eng"
"482","mongolia_2010_NationalSecurityConcept.pdf","mongolia","2010","National Security Concept","eng"
"483","mongolia_2016_DefenseUpdate_noneng.pdf","mongolia","2016","Defense Update","noneng"
"484","montenegro_2006_NationalSecurityStrategy.pdf","montenegro","2006","National Security Strategy","eng"
"485","montenegro_2008_DefenceStrategy.pdf","montenegro","2008","Defence Strategy","eng"
"486","montenegro_2008_NationalSecurityStrategy.pdf","montenegro","2008","National Security Strategy","eng"
"487","montenegro_2013_CyberSecurityStrategy.pdf","montenegro","2013","Cyber Security Strategy","eng"
"488","montenegro_2013_StrategicDefenceReview.pdf","montenegro","2013","Strategic Defence Review","eng"
"489","montenegro_2018_CyberSecurityStrategy.pdf","montenegro","2018","Cyber Security Strategy","eng"
"490","montenegro_2018_NationalSecurityStrategy.pdf","montenegro","2018","National Security Strategy","eng"
"491","nepal_2016_NationalSecurityPolicy.pdf","nepal","2016","National Security Policy","eng"
"492","netherlands_2000_DefenceWhitePaperSummary.pdf","netherlands","2000","Defence White Paper Summary","eng"
"493","netherlands_2005_DefenceDoctrine.pdf","netherlands","2005","Defence Doctrine","eng"
"494","netherlands_2007_NationalSecurity.pdf","netherlands","2007","National Security","eng"
"495","netherlands_2010_FuturePolicySurvey.pdf","netherlands","2010","Future Policy Survey","eng"
"496","netherlands_2013_DefenceDoctrine.pdf","netherlands","2013","Defence Doctrine","eng"
"497","netherlands_2013_InternationalSecurityStrategy.pdf","netherlands","2013","International Security Strategy","eng"
"498","netherlands_2014_RiskAssesment.pdf","netherlands","2014","Risk Assesment","eng"
"499","netherlands_2018_DefenceWhitePaper.pdf","netherlands","2018","Defence White Paper","eng"
"500","netherlands_2018_InternationalSecurityStrategy.pdf","netherlands","2018","International Security Strategy","eng"
"501","netherlands_2018_SecurityStrategy.pdf","netherlands","2018","Security Strategy","eng"
"502","netherlands_2019_DefenceDoctrine.pdf","netherlands","2019","Defence Doctrine","eng"
"503","netherlands_2019_DefensieDoctrine_noneng.pdf","netherlands","2019","Defensie Doctrine","noneng"
"504","netherlands_2019_NationalSecurityStrategy.pdf","netherlands","2019","National Security Strategy","eng"
"505","netherlands_2020_DefenceVision.pdf","netherlands","2020","Defence Vision","eng"
"506","netherlands_2023_FutureAcquisitions.pdf","netherlands","2023","Future Acquisitions","eng"
"507","netherlands_2023_SecurityStrategy.pdf","netherlands","2023","Security Strategy","eng"
"508","newzealand_2000_TheGovernmentsDefencePolicy.pdf","newzealand","2000","The Governments Defence Policy","eng"
"509","newzealand_2001_GovernmentDefenceStatement.pdf","newzealand","2001","Government Defence Statement","eng"
"510","newzealand_2001_GovernmentDefenseStatement.pdf","newzealand","2001","Government Defense Statement","eng"
"511","newzealand_2002_DefenceLongTermDevelopmentPlan.pdf","newzealand","2002","Defence Long Term Development Plan","eng"
"512","newzealand_2003_DefenceLongTermDevelopmentPlan.pdf","newzealand","2003","Defence Long Term Development Plan","eng"
"513","newzealand_2003_DefenceLongTermDevelopmentPlanUpdate.pdf","newzealand","2003","Defence Long Term Development Plan Update","eng"
"514","newzealand_2004_DefenceLongTermDevelopmentPlan.pdf","newzealand","2004","Defence Long Term Development Plan","eng"
"515","newzealand_2004_DefenceLongTermDevelopmentPlanUpdate.pdf","newzealand","2004","Defence Long Term Development Plan Update","eng"
"516","newzealand_2006_DefenceLongTermDevelopmentPlan.pdf","newzealand","2006","Defence Long Term Development Plan","eng"
"517","newzealand_2006_DefenceLongTermDevelopmentPlanUpdate.pdf","newzealand","2006","Defence Long Term Development Plan Update","eng"
"518","newzealand_2008_DefenceLongTermDevelopmentPlan.pdf","newzealand","2008","Defence Long Term Development Plan","eng"
"519","newzealand_2008_DefenceLongTermDevelopmentPlanUpdate.pdf","newzealand","2008","Defence Long Term Development Plan Update","eng"
"520","newzealand_2010_DefenceWhitePaper.pdf","newzealand","2010","Defence White Paper","eng"
"521","newzealand_2010_DefenseAssessment.pdf","newzealand","2010","Defense Assessment","eng"
"522","newzealand_2014_DefenceAssessment.pdf","newzealand","2014","Defence Assessment","eng"
"523","newzealand_2016_DefenceWhitePaper.pdf","newzealand","2016","Defence White Paper","eng"
"524","newzealand_2018_StrategicDefencePolicy.pdf","newzealand","2018","Strategic Defence Policy","eng"
"525","newzealand_2019_DefenceCapabilityPlan.pdf","newzealand","2019","Defence Capability Plan","eng"
"526","newzealand_2023_NationalSecurityStrategy.pdf","newzealand","2023","National Security Strategy","eng"
"527","nicaragua_2005_LibrodelaDefensaNacional_noneng.pdf","nicaragua","2005","Librodela Defensa Nacional","noneng"
"528","nicaragua_2005_OrganizacionYEstructuraDeLaDefensaNacional_noneng.pdf","nicaragua","2005","Organizacion Y Estructura De La Defensa Nacional","noneng"
"529","niger_2002_StrategyNationalInternalSecurity_noneng.pdf","niger","2002","Strategy National Internal Security","noneng"
"530","nigeria_2019_NationalSecurityStrategy.pdf","nigeria","2019","National Security Strategy","eng"
"531","northmacedonia_2005_WhitePaper.pdf","northmacedonia","2005","White Paper","eng"
"532","northmacedonia_2012_WhitePaper.pdf","northmacedonia","2012","White Paper","eng"
"533","northmacedonia_2018_StrategicDefenceReview.pdf","northmacedonia","2018","Strategic Defence Review","eng"
"534","northmacedonia_2020_DefenseStrategy.pdf","northmacedonia","2020","Defense Strategy","eng"
"535","norway_2003_DefenseStudy_noneng.pdf","norway","2003","Defense Study","noneng"
"536","norway_2004_ArmedForcesModernisation.pdf","norway","2004","Armed Forces Modernisation","eng"
"537","norway_2004_NationalStrategicConcept.pdf","norway","2004","National Strategic Concept","eng"
"538","norway_2005_NationalStrategicConcept_noneng.pdf","norway","2005","National Strategic Concept","noneng"
"539","norway_2006_NorwegianDefence.pdf","norway","2006","Norwegian Defence","eng"
"540","norway_2007_HighNorthStrategy.pdf","norway","2007","High North Strategy","eng"
"541","norway_2008_NorwegianDefence.pdf","norway","2008","Norwegian Defence","eng"
"542","norway_2009_HighNorthStrategy.pdf","norway","2009","High North Strategy","eng"
"543","norway_2009_StrategicConcept.pdf","norway","2009","Strategic Concept","eng"
"544","norway_2012_ArmedForcesFutureAcquisitions.pdf","norway","2012","Armed Forces Future Acquisitions","eng"
"545","norway_2013_NationalDefence.pdf","norway","2013","National Defence","eng"
"546","norway_2015_DefenceReview.pdf","norway","2015","Defence Review","eng"
"547","norway_2015_StrategicDefenceReview_noneng.pdf","norway","2015","Strategic Defence Review","noneng"
"548","norway_2016_DefencePlan.pdf","norway","2016","Defence Plan","eng"
"549","norway_2017_WhitePaper.pdf","norway","2017","White Paper","eng"
"550","norway_2018_TotalDefence.pdf","norway","2018","Total Defence","eng"
"551","norway_2020_LongTermDefencePlan.pdf","norway","2020","Long Term Defence Plan","eng"
"552","norway_2021_NationalDefenceIndustrialStrategy.pdf","norway","2021","National Defence Industrial Strategy","eng"
"553","norway_2023_MilitaryAdviceOfTheChiefOfDefence.pdf","norway","2023","Military Advice Of The Chief Of Defence","eng"
"554","pakistan_2014_SecurityPolicy.pdf","pakistan","2014","Security Policy","eng"
"555","pakistan_2018_SecurityPolicy.pdf","pakistan","2018","Security Policy","eng"
"556","pakistan_2022_NationalSecurityPolicy.pdf","pakistan","2022","National Security Policy","eng"
"557","palau_2022_NationalSecurityStrategy.pdf","palau","2022","National Security Strategy","eng"
"558","papua_2013_NewGuineaNationalSecurityPolicy.pdf","papua","2013","New Guinea National Security Policy","eng"
"559","papua_2013_SecurityPolicy.pdf","papua","2013","Security Policy","eng"
"560","paraguay_1999_IndiceDelPlanGlobal.pdf","paraguay","1999","Indice Del Plan Global","eng"
"561","paraguay_1999_NationalDefensePolicy_noneng.pdf","paraguay","1999","National Defense Policy","noneng"
"562","paraguay_1999_NationalDefensePolicy.pdf","paraguay","1999","National Defense Policy","eng"
"563","paraguay_2013_FirstWhitePaper.pdf","paraguay","2013","First White Paper","eng"
"564","paraguay_2013_PrimerLibroBlancoDefensaNacional_noneng.pdf","paraguay","2013","Primer Libro Blanco Defensa Nacional","noneng"
"565","paraguay_2019_PoliticaNacionalDeDefensa_noneng.pdf","paraguay","2019","Politica Nacional De Defensa","noneng"
"566","paraguay_2019_StrategicPlan.pdf","paraguay","2019","Strategic Plan","eng"
"567","peru_2005_LibroBlanoDeLaDefensaNacional_noneng.pdf","peru","2005","Libro Blano De La Defensa Nacional","noneng"
"568","peru_2006_LibroBlancodelaDefensaNacional_noneng.pdf","peru","2006","Libro Blancodela Defensa Nacional","noneng"
"569","philippines_2011_NationalSecurityPolicy.pdf","philippines","2011","National Security Policy","eng"
"570","philippines_2012_WhitePaper.pdf","philippines","2012","White Paper","eng"
"571","philippines_2017_NationalSecurity.pdf","philippines","2017","National Security","eng"
"572","philippines_2018_NationalSecurityStrategy.pdf","philippines","2018","National Security Strategy","eng"
"573","poland_1992_SecurityPolicyAndDefenceStrategy_noneng.pdf","poland","1992","Security Policy And Defence Strategy","noneng"
"574","poland_2001_BialaKsiegaWhitePaper.pdf","poland","2001","Biala Ksiega White Paper","eng"
"575","poland_2003_NationalSecurityStrategy.pdf","poland","2003","National Security Strategy","eng"
"576","poland_2007_NationalSecurityStrategy.pdf","poland","2007","National Security Strategy","eng"
"577","poland_2008_VisionOfArmedForces.pdf","poland","2008","Vision Of Armed Forces","eng"
"578","poland_2009_DefenseStrategy.pdf","poland","2009","Defense Strategy","eng"
"579","poland_2013_StrategyDevelopment.pdf","poland","2013","Strategy Development","eng"
"580","poland_2013_WhiteBook.pdf","poland","2013","White Book","eng"
"581","poland_2014_NationalSecurityStrategy.pdf","poland","2014","National Security Strategy","eng"
"582","poland_2015_CybersecurityDoctrine_noneng.pdf","poland","2015","Cybersecurity Doctrine","noneng"
"583","poland_2017_TheDefenseConcept_noneng.pdf","poland","2017","The Defense Concept","noneng"
"584","poland_2019_CybersecurityStrategy_noneng.pdf","poland","2019","Cybersecurity Strategy","noneng"
"585","poland_2020_NationalSecurityStrategy.pdf","poland","2020","National Security Strategy","eng"
"586","portugal_2003_StrategicConcept.pdf","portugal","2003","Strategic Concept","eng"
"587","portugal_2013_Defensa_noneng.pdf","portugal","2013","Defensa","noneng"
"588","portugal_2013_StrategicConceptOfNationalDefence.pdf","portugal","2013","Strategic Concept Of National Defence","eng"
"589","portugal_2015_DefensePolicy_noneng.pdf","portugal","2015","Defense Policy","noneng"
"590","portugal_2015_DefensePolicy.pdf","portugal","2015","Defense Policy","eng"
"591","portugal_2017_StrategicConceptOfNationalDefence.pdf","portugal","2017","Strategic Concept Of National Defence","eng"
"592","portugal_2021_AlteralLeiNacional_noneng.pdf","portugal","2021","Alteral Lei Nacional","noneng"
"593","romania_1999_NationalSecurityStrategy.pdf","romania","1999","National Security Strategy","eng"
"594","romania_2005_MilitaryStrategy.pdf","romania","2005","Military Strategy","eng"
"595","romania_2005_NationalSecurityStrategy.pdf","romania","2005","National Security Strategy","eng"
"596","romania_2007_NationalSecurityStrategy.pdf","romania","2007","National Security Strategy","eng"
"597","romania_2013_RomanianDefence.pdf","romania","2013","Romanian Defence","eng"
"598","romania_2015_NationalDefenseStrategy.pdf","romania","2015","National Defense Strategy","eng"
"599","romania_2015_WhitePaper.pdf","romania","2015","White Paper","eng"
"600","romania_2016_MilitaryStrategy.pdf","romania","2016","Military Strategy","eng"
"601","romania_2017_DefenseWhitePaper_noneng.pdf","romania","2017","Defense White Paper","noneng"
"602","romania_2017_WhitePaper.pdf","romania","2017","White Paper","eng"
"603","romania_2020_NationalDefenseStrategy.pdf","romania","2020","National Defense Strategy","eng"
"604","romania_2021_DefenseWhitePaper_noneng.pdf","romania","2021","Defense White Paper","noneng"
"605","russia_1993_ForeignPolicyStrategy_noneng.pdf","russia","1993","Foreign Policy Strategy","noneng"
"606","russia_1997_NationalSecurityConcept_noneng.pdf","russia","1997","National Security Concept","noneng"
"607","russia_2000_NationalSecurityConcept_noneng.pdf","russia","2000","National Security Concept","noneng"
"608","russia_2000_NationalSecurityConcept.pdf","russia","2000","National Security Concept","eng"
"609","russia_2001_MarineDoctrine_noneng.pdf","russia","2001","Marine Doctrine","noneng"
"610","russia_2008_ForeignPolicyConcept_noneng.pdf","russia","2008","Foreign Policy Concept","noneng"
"611","russia_2008_ForeignPolicyConcept.pdf","russia","2008","Foreign Policy Concept","eng"
"612","russia_2009_NationalSecurityStrategy_noneng.pdf","russia","2009","National Security Strategy","noneng"
"613","russia_2009_NationalSecurityStrategy.pdf","russia","2009","National Security Strategy","eng"
"614","russia_2010_MilitaryDoctrine.pdf","russia","2010","Military Doctrine","eng"
"615","russia_2014_MilitaryDoctrine_noneng.pdf","russia","2014","Military Doctrine","noneng"
"616","russia_2015_NationalSecurityStrategy_noneng.pdf","russia","2015","National Security Strategy","noneng"
"617","russia_2015_PresidentialDecree.pdf","russia","2015","Presidential Decree","eng"
"618","russia_2016_ForeignPolicyConcept_noneng.pdf","russia","2016","Foreign Policy Concept","noneng"
"619","russia_2020_PolicyOnNuclearDeterrence.pdf","russia","2020","Policy On Nuclear Deterrence","eng"
"620","russia_2021_NationalSecurityStrategy_noneng.pdf","russia","2021","National Security Strategy","noneng"
"621","rwanda_2008_InternalSecurityStrategy.pdf","rwanda","2008","Internal Security Strategy","eng"
"622","samoa_2018_NationalSecurityPolicy.pdf","samoa","2018","National Security Policy","eng"
"623","serbia_2005_DefenceStrategy.pdf","serbia","2005","Defence Strategy","eng"
"624","serbia_2009_NationalSecurityStrategy.pdf","serbia","2009","National Security Strategy","eng"
"625","serbia_2010_WhitePaperonDefence.pdf","serbia","2010","White Paperon Defence","eng"
"626","serbia_2021_DefenseStrategy.pdf","serbia","2021","Defense Strategy","eng"
"627","serbia_2021_NationalSecurityStrategy.pdf","serbia","2021","National Security Strategy","eng"
"628","sierraleone_2002_DefenceWhitePaper.pdf","sierraleone","2002","Defence White Paper","eng"
"629","singapore_2000_NationalSecurityStrategy.pdf","singapore","2000","National Security Strategy","eng"
"630","singapore_2004_NationalSecurityStrategy.pdf","singapore","2004","National Security Strategy","eng"
"631","slovakia_2001_DefenseStrategy.pdf","slovakia","2001","Defense Strategy","eng"
"632","slovakia_2001_MilitaryStrategy.pdf","slovakia","2001","Military Strategy","eng"
"633","slovakia_2001_SecurityStrategy.pdf","slovakia","2001","Security Strategy","eng"
"634","slovakia_2003_DoctrineoftheArmedForces.pdf","slovakia","2003","Doctrineofthe Armed Forces","eng"
"635","slovakia_2005_DefenseStrategy.pdf","slovakia","2005","Defense Strategy","eng"
"636","slovakia_2005_SecurityStrategy.pdf","slovakia","2005","Security Strategy","eng"
"637","slovakia_2010_ForeignPolicyOrientation.pdf","slovakia","2010","Foreign Policy Orientation","eng"
"638","slovakia_2010_ForeignPolicyReport.pdf","slovakia","2010","Foreign Policy Report","eng"
"639","slovakia_2011_ForeignPolicyGuidelines.pdf","slovakia","2011","Foreign Policy Guidelines","eng"
"640","slovakia_2013_WhitePaper.pdf","slovakia","2013","White Paper","eng"
"641","slovakia_2015_CyberSecurityConcept.pdf","slovakia","2015","Cyber Security Concept","eng"
"642","slovakia_2016_WhitePaper.pdf","slovakia","2016","White Paper","eng"
"643","slovakia_2021_DefenceStrategy.pdf","slovakia","2021","Defence Strategy","eng"
"644","slovakia_2021_NationalCybersecurityStrategy.pdf","slovakia","2021","National Cybersecurity Strategy","eng"
"645","slovakia_2021_SecurityStrategy_noneng.pdf","slovakia","2021","Security Strategy","noneng"
"646","slovenia_2004_StrategicDefenceReview.pdf","slovenia","2004","Strategic Defence Review","eng"
"647","slovenia_2006_MilitaryDoctrine_noneng.pdf","slovenia","2006","Military Doctrine","noneng"
"648","slovenia_2006_MilitaryDoctrine.pdf","slovenia","2006","Military Doctrine","eng"
"649","slovenia_2009_AnnualDefenceReport.pdf","slovenia","2009","Annual Defence Report","eng"
"650","slovenia_2009_DefenceStrategicReview.pdf","slovenia","2009","Defence Strategic Review","eng"
"651","slovenia_2010_NationalSecurityStrategy.pdf","slovenia","2010","National Security Strategy","eng"
"652","slovenia_2011_AnnualDefenceReport.pdf","slovenia","2011","Annual Defence Report","eng"
"653","slovenia_2012_AnnualDefenceReport.pdf","slovenia","2012","Annual Defence Report","eng"
"654","slovenia_2013_AnnualDefenceReport.pdf","slovenia","2013","Annual Defence Report","eng"
"655","slovenia_2013_DefenceStrategy.pdf","slovenia","2013","Defence Strategy","eng"
"656","slovenia_2014_AnnualDefenceReport.pdf","slovenia","2014","Annual Defence Report","eng"
"657","slovenia_2015_AnnualDefenceReport.pdf","slovenia","2015","Annual Defence Report","eng"
"658","slovenia_2016_CyberSecurityStrategy.pdf","slovenia","2016","Cyber Security Strategy","eng"
"659","slovenia_2016_StrategicDefenceReview.pdf","slovenia","2016","Strategic Defence Review","eng"
"660","slovenia_2017_AnnualDefenceReport.pdf","slovenia","2017","Annual Defence Report","eng"
"661","slovenia_2019_NationalSecurityStrategy_noneng.pdf","slovenia","2019","National Security Strategy","noneng"
"662","slovenia_2020_DefenceWhitePaper_noneng.pdf","slovenia","2020","Defence White Paper","noneng"
"663","slovenia_2020_DefenceWhitePaper.pdf","slovenia","2020","Defence White Paper","eng"
"664","solomonislands_2020_SecurityStrategy.pdf","solomonislands","2020","Security Strategy","eng"
"665","southafrica_1996_DefenseWhitePaper.pdf","southafrica","1996","Defense White Paper","eng"
"666","southafrica_1998_DefenceReviewWhitePaper.pdf","southafrica","1998","Defence Review White Paper","eng"
"667","southafrica_1999_DefenceWhitePaper.pdf","southafrica","1999","Defence White Paper","eng"
"668","southafrica_2010_StrategicPlan.pdf","southafrica","2010","Strategic Plan","eng"
"669","southafrica_2011_DefencePerformancePlan.pdf","southafrica","2011","Defence Performance Plan","eng"
"670","southafrica_2011_OverarchingStrategicStatement.pdf","southafrica","2011","Overarching Strategic Statement","eng"
"671","southafrica_2011_StrategicPlan.pdf","southafrica","2011","Strategic Plan","eng"
"672","southafrica_2012_OverarchingAnnualStrategicStatement.pdf","southafrica","2012","Overarching Annual Strategic Statement","eng"
"673","southafrica_2015_DefenseReview.pdf","southafrica","2015","Defense Review","eng"
"674","southkorea_1988_국방백서_noneng.pdf","southkorea","1988","국방백서","noneng"
"675","southkorea_1989_국방백서_noneng.pdf","southkorea","1989","국방백서","noneng"
"676","southkorea_1990_국방백서_noneng.pdf","southkorea","1990","국방백서","noneng"
"677","southkorea_1991_국방백서_noneng.pdf","southkorea","1991","국방백서","noneng"
"678","southkorea_1992_국방백서_noneng.pdf","southkorea","1992","국방백서","noneng"
"679","southkorea_1993_국방백서_noneng.pdf","southkorea","1993","국방백서","noneng"
"680","southkorea_1994_국방백서_noneng.pdf","southkorea","1994","국방백서","noneng"
"681","southkorea_1995_국방백서_noneng.pdf","southkorea","1995","국방백서","noneng"
"682","southkorea_1996_국방백서_noneng.pdf","southkorea","1996","국방백서","noneng"
"683","southkorea_1997_국방백서_noneng.pdf","southkorea","1997","국방백서","noneng"
"684","southkorea_1998_국방정책_noneng.pdf","southkorea","1998","국방정책","noneng"
"685","southkorea_1999_국방백서_noneng.pdf","southkorea","1999","국방백서","noneng"
"686","southkorea_2000_DefenseWhitePaper_noneng.pdf","southkorea","2000","Defense White Paper","noneng"
"687","southkorea_2000_DefenseWhitePaper.pdf","southkorea","2000","Defense White Paper","eng"
"688","southkorea_2001_DefenseDataCollection.pdf","southkorea","2001","Defense Data Collection","eng"
"689","southkorea_2003_ParticipatoryDefencePolicy.pdf","southkorea","2003","Participatory Defence Policy","eng"
"690","southkorea_2004_DefenseWhitePaper_noneng.pdf","southkorea","2004","Defense White Paper","noneng"
"691","southkorea_2004_DefenseWhitePaper.pdf","southkorea","2004","Defense White Paper","eng"
"692","southkorea_2006_DefenseWhitePaper.pdf","southkorea","2006","Defense White Paper","eng"
"693","southkorea_2006_DiplomaticWhitePaper.pdf","southkorea","2006","Diplomatic White Paper","eng"
"694","southkorea_2008_DefenseWhitePaper.pdf","southkorea","2008","Defense White Paper","eng"
"695","southkorea_2008_DiplomaticWhitePaper.pdf","southkorea","2008","Diplomatic White Paper","eng"
"696","southkorea_2010_DefenseWhitePaper.pdf","southkorea","2010","Defense White Paper","eng"
"697","southkorea_2012_DefenseWhitePaper.pdf","southkorea","2012","Defense White Paper","eng"
"698","southkorea_2013_CyberSecurityManagement_noneng.pdf","southkorea","2013","Cyber Security Management","noneng"
"699","southkorea_2014_DefenseWhitePaper.pdf","southkorea","2014","Defense White Paper","eng"
"700","southkorea_2016_DefenseWhitePaper.pdf","southkorea","2016","Defense White Paper","eng"
"701","southkorea_2018_DefenseWhitePaper.pdf","southkorea","2018","Defense White Paper","eng"
"702","southkorea_2018_DiplomaticWhitePaper.pdf","southkorea","2018","Diplomatic White Paper","eng"
"703","southkorea_2019_NationalCybersecurityStrategy.pdf","southkorea","2019","National Cybersecurity Strategy","eng"
"704","southkorea_2020_DefenseWhitePaper.pdf","southkorea","2020","Defense White Paper","eng"
"705","southkorea_2022_DefenseWhitePaper.pdf","southkorea","2022","Defense White Paper","eng"
"706","spain_2000_DefenceWhitePaper.pdf","spain","2000","Defence White Paper","eng"
"707","spain_2003_StrategicDefenceReview.pdf","spain","2003","Strategic Defence Review","eng"
"708","spain_2004_NationalDefenceDirective_noneng.pdf","spain","2004","National Defence Directive","noneng"
"709","spain_2004_NationalDefenceDirective.pdf","spain","2004","National Defence Directive","eng"
"710","spain_2008_NationalDefenceDirective.pdf","spain","2008","National Defence Directive","eng"
"711","spain_2011_NationalSecurityStrategy.pdf","spain","2011","National Security Strategy","eng"
"712","spain_2012_NationalDefenceDirective_noneng.pdf","spain","2012","National Defence Directive","noneng"
"713","spain_2012_NationalDefenceDirective.pdf","spain","2012","National Defence Directive","eng"
"714","spain_2013_NationalSecurityStrategy_noneng.pdf","spain","2013","National Security Strategy","noneng"
"715","spain_2013_NationalSecurityStrategy.pdf","spain","2013","National Security Strategy","eng"
"716","spain_2017_NationalSecurityStrategy.pdf","spain","2017","National Security Strategy","eng"
"717","spain_2020_NationalDefenceDirective.pdf","spain","2020","National Defence Directive","eng"
"718","spain_2021_NationalSecurityStrategy.pdf","spain","2021","National Security Strategy","eng"
"719","sweden_2004_OurFutureDefence.pdf","sweden","2004","Our Future Defence","eng"
"720","sweden_2013_StatementForeignPolicy.pdf","sweden","2013","Statement Foreign Policy","eng"
"721","sweden_2014_CyberSecurityStrategy_noneng.pdf","sweden","2014","Cyber Security Strategy","noneng"
"722","sweden_2015_DefencePolicy.pdf","sweden","2015","Defence Policy","eng"
"723","sweden_2017_NationalSecurityStrategy.pdf","sweden","2017","National Security Strategy","eng"
"724","sweden_2017_StatementForeignPolicy.pdf","sweden","2017","Statement Foreign Policy","eng"
"725","switzerland_2000_SecurityPolicy.pdf","switzerland","2000","Security Policy","eng"
"726","switzerland_2010_ArmyReport_noneng.pdf","switzerland","2010","Army Report","noneng"
"727","switzerland_2010_SecurityPolicyReport_noneng.pdf","switzerland","2010","Security Policy Report","noneng"
"728","switzerland_2012_ForeignPolicyStrategy.pdf","switzerland","2012","Foreign Policy Strategy","eng"
"729","switzerland_2015_ArmamentProgram_noneng.pdf","switzerland","2015","Armament Program","noneng"
"730","switzerland_2016_SecuritySituationReport.pdf","switzerland","2016","Security Situation Report","eng"
"731","switzerland_2020_SecuritySituationReport.pdf","switzerland","2020","Security Situation Report","eng"
"732","taiwan_1981_NationalDefenseReport_noneng.pdf","taiwan","1981","National Defense Report","noneng"
"733","taiwan_1982_NationalDefenseReport_noneng.pdf","taiwan","1982","National Defense Report","noneng"
"734","taiwan_1985_NationalDefenseReport_noneng.pdf","taiwan","1985","National Defense Report","noneng"
"735","taiwan_1987_NationalDefenseReport.pdf","taiwan","1987","National Defense Report","eng"
"736","taiwan_1989_NationalDefenseReport_noneng.pdf","taiwan","1989","National Defense Report","noneng"
"737","taiwan_1991_NationalDefenseReport_noneng.pdf","taiwan","1991","National Defense Report","noneng"
"738","taiwan_1992_NationalDefenseReport.pdf","taiwan","1992","National Defense Report","eng"
"739","taiwan_1993_NationalDefenseReport_noneng.pdf","taiwan","1993","National Defense Report","noneng"
"740","taiwan_1993_NationalDefenseReport.pdf","taiwan","1993","National Defense Report","eng"
"741","taiwan_1996_NationalDefenseReport.pdf","taiwan","1996","National Defense Report","eng"
"742","taiwan_1998_NationalDefenseReport.pdf","taiwan","1998","National Defense Report","eng"
"743","taiwan_2000_NationalDefenseReport.pdf","taiwan","2000","National Defense Report","eng"
"744","taiwan_2002_NationalDefenseReport.pdf","taiwan","2002","National Defense Report","eng"
"745","taiwan_2004_NationalDefenseReport.pdf","taiwan","2004","National Defense Report","eng"
"746","taiwan_2006_NationalDefenseReport.pdf","taiwan","2006","National Defense Report","eng"
"747","taiwan_2008_NationalDefenseReport.pdf","taiwan","2008","National Defense Report","eng"
"748","taiwan_2009_NationalDefenseReport.pdf","taiwan","2009","National Defense Report","eng"
"749","taiwan_2009_QuadrennialDefenseReview.pdf","taiwan","2009","Quadrennial Defense Review","eng"
"750","taiwan_2011_NationalDefenseReport.pdf","taiwan","2011","National Defense Report","eng"
"751","taiwan_2013_NationalDefenseReport.pdf","taiwan","2013","National Defense Report","eng"
"752","taiwan_2013_QuadrennialDefenseReview.pdf","taiwan","2013","Quadrennial Defense Review","eng"
"753","taiwan_2015_NationalDefenseReport.pdf","taiwan","2015","National Defense Report","eng"
"754","taiwan_2017_NationalDefenseReport.pdf","taiwan","2017","National Defense Report","eng"
"755","taiwan_2017_QuadrennialDefenseReview.pdf","taiwan","2017","Quadrennial Defense Review","eng"
"756","taiwan_2019_NationalDefenseReport.pdf","taiwan","2019","National Defense Report","eng"
"757","taiwan_2021_NationalDefenseReport.pdf","taiwan","2021","National Defense Report","eng"
"758","taiwan_2021_QuadrennialDefenseReview.pdf","taiwan","2021","Quadrennial Defense Review","eng"
"759","taiwan_2023_NationalDefenseReport.pdf","taiwan","2023","National Defense Report","eng"
"760","tanzania_2010_SecurityAct.pdf","tanzania","2010","Security Act","eng"
"761","thailand_2018_NationalStrategy.pdf","thailand","2018","National Strategy","eng"
"762","thailand_2019_NationalSecurityPolicy.pdf","thailand","2019","National Security Policy","eng"
"763","timorleste_2007_Force2020.pdf","timorleste","2007","Force2020","eng"
"764","trinidadandtobago_2018_StrategicPlan.pdf","trinidadandtobago","2018","Strategic Plan","eng"
"765","turkey_2000_DefenseWhitePaper.pdf","turkey","2000","Defense White Paper","eng"
"766","turkey_2007_DefenseWhitePaper.pdf","turkey","2007","Defense White Paper","eng"
"767","turkey_2013_NationalCyberSecurityStrategyAndActionPlan.pdf","turkey","2013","National Cyber Security Strategy And Action Plan","eng"
"768","turkey_2019_StratejikPlani_noneng.pdf","turkey","2019","Stratejik Plani","noneng"
"769","turkey_2021_NationalArtificialIntelligenceStrategy.pdf","turkey","2021","National Artificial Intelligence Strategy","eng"
"770","uganda_2004_DefenceWhitePaper.pdf","uganda","2004","Defence White Paper","eng"
"771","uganda_2015_SecuritySectorDevelopmentPlan.pdf","uganda","2015","Security Sector Development Plan","eng"
"772","ukraine_2005_WhiteBook.pdf","ukraine","2005","White Book","eng"
"773","ukraine_2006_WhiteBook.pdf","ukraine","2006","White Book","eng"
"774","ukraine_2007_WhiteBook.pdf","ukraine","2007","White Book","eng"
"775","ukraine_2009_WhiteBook.pdf","ukraine","2009","White Book","eng"
"776","ukraine_2010_WhiteBook.pdf","ukraine","2010","White Book","eng"
"777","ukraine_2011_WhiteBook.pdf","ukraine","2011","White Book","eng"
"778","ukraine_2013_WhiteBook.pdf","ukraine","2013","White Book","eng"
"779","ukraine_2014_WhiteBook.pdf","ukraine","2014","White Book","eng"
"780","ukraine_2015_MilitaryDoctrine_noneng.pdf","ukraine","2015","Military Doctrine","noneng"
"781","ukraine_2015_MilitaryDoctrine.pdf","ukraine","2015","Military Doctrine","eng"
"782","ukraine_2015_NationalSecurityStrategy_noneng.pdf","ukraine","2015","National Security Strategy","noneng"
"783","ukraine_2015_NationalSecurityStrategy.pdf","ukraine","2015","National Security Strategy","eng"
"784","ukraine_2015_WhiteBook.pdf","ukraine","2015","White Book","eng"
"785","ukraine_2016_WhiteBook.pdf","ukraine","2016","White Book","eng"
"786","ukraine_2017_WhiteBook.pdf","ukraine","2017","White Book","eng"
"787","ukraine_2018_WhiteBook.pdf","ukraine","2018","White Book","eng"
"788","ukraine_2020_NationalSecurityStrategy_noneng.pdf","ukraine","2020","National Security Strategy","noneng"
"789","ukraine_2020_NationalSecurityStrategy.pdf","ukraine","2020","National Security Strategy","eng"
"790","ukraine_2021_WhitePaper.pdf","ukraine","2021","White Paper","eng"
"791","unitedkingdom_1998_StrategicDefenceReview.pdf","unitedkingdom","1998","Strategic Defence Review","eng"
"792","unitedkingdom_1999_StrategicDefenceReview.pdf","unitedkingdom","1999","Strategic Defence Review","eng"
"793","unitedkingdom_2002_StrategicDefenceReview.pdf","unitedkingdom","2002","Strategic Defence Review","eng"
"794","unitedkingdom_2003_DefenceWhitePaper.pdf","unitedkingdom","2003","Defence White Paper","eng"
"795","unitedkingdom_2004_FutureCapabilities.pdf","unitedkingdom","2004","Future Capabilities","eng"
"796","unitedkingdom_2005_DefenceIndustrialStrategy.pdf","unitedkingdom","2005","Defence Industrial Strategy","eng"
"797","unitedkingdom_2006_FutureOfNuclearDeterrent.pdf","unitedkingdom","2006","Future Of Nuclear Deterrent","eng"
"798","unitedkingdom_2008_NationalSecurityStrategy.pdf","unitedkingdom","2008","National Security Strategy","eng"
"799","unitedkingdom_2009_NationalSecurityStrategy.pdf","unitedkingdom","2009","National Security Strategy","eng"
"800","unitedkingdom_2010_StrategicDefenceAndSecurityReview.pdf","unitedkingdom","2010","Strategic Defence And Security Review","eng"
"801","unitedkingdom_2011_StrategicDefenceAndSecurityReview.pdf","unitedkingdom","2011","Strategic Defence And Security Review","eng"
"802","unitedkingdom_2011_StrategyForDefence.pdf","unitedkingdom","2011","Strategy For Defence","eng"
"803","unitedkingdom_2012_AnnualStrategicDefenseandSecurityReview.pdf","unitedkingdom","2012","Annual Strategic Defenseand Security Review","eng"
"804","unitedkingdom_2012_NationalSecurityStrategy.pdf","unitedkingdom","2012","National Security Strategy","eng"
"805","unitedkingdom_2015_NationalSecurityStrategy.pdf","unitedkingdom","2015","National Security Strategy","eng"
"806","unitedkingdom_2016_NationalSecurityStrategy.pdf","unitedkingdom","2016","National Security Strategy","eng"
"807","unitedkingdom_2017_InternationalDefenceEngagementStrategy.pdf","unitedkingdom","2017","International Defence Engagement Strategy","eng"
"808","unitedkingdom_2018_NationalSecurityCapabilityReview.pdf","unitedkingdom","2018","National Security Capability Review","eng"
"809","unitedkingdom_2020_CommandPaper.pdf","unitedkingdom","2020","Command Paper","eng"
"810","unitedkingdom_2021_IntegratedReview.pdf","unitedkingdom","2021","Integrated Review","eng"
"811","unitedkingdom_2022_IntegratedReview.pdf","unitedkingdom","2022","Integrated Review","eng"
"812","unitedkingdom_2023_CommandPaper.pdf","unitedkingdom","2023","Command Paper","eng"
"813","unitedkingdom_2023_IntegratedReviewRefresh.pdf","unitedkingdom","2023","Integrated Review Refresh","eng"
"814","uruguay_1999_NationalDefense_noneng.pdf","uruguay","1999","National Defense","noneng"
"815","uruguay_2005_NationalDefense_noneng.pdf","uruguay","2005","National Defense","noneng"
"816","uruguay_2014_NationalDefense_noneng.pdf","uruguay","2014","National Defense","noneng"
"817","uruguay_2020_NationalDefense_noneng.pdf","uruguay","2020","National Defense","noneng"
"818","us_1977_MilitaryStrategyAndForcePostureReview.pdf","us","1977","Military Strategy And Force Posture Review","eng"
"819","us_1982_NationalSecurityStrategy.pdf","us","1982","National Security Strategy","eng"
"820","us_1987_NationalSecurityStrategy.pdf","us","1987","National Security Strategy","eng"
"821","us_1988_NationalSecurityStrategy.pdf","us","1988","National Security Strategy","eng"
"822","us_1990_NationalSecurityStrategy.pdf","us","1990","National Security Strategy","eng"
"823","us_1991_NationalSecurityStrategy.pdf","us","1991","National Security Strategy","eng"
"824","us_1992_MilitaryStrategy.pdf","us","1992","Military Strategy","eng"
"825","us_1993_NationalSecurityStrategy.pdf","us","1993","National Security Strategy","eng"
"826","us_1994_NationalSecurityStrategy.pdf","us","1994","National Security Strategy","eng"
"827","us_1995_MilitaryStrategy.pdf","us","1995","Military Strategy","eng"
"828","us_1995_NationalSecurityStrategy.pdf","us","1995","National Security Strategy","eng"
"829","us_1996_NationalSecurityStrategy.pdf","us","1996","National Security Strategy","eng"
"830","us_1997_MilitaryStrategy.pdf","us","1997","Military Strategy","eng"
"831","us_1997_NationalSecurityStrategy.pdf","us","1997","National Security Strategy","eng"
"832","us_1998_NationalSecurityStrategy.pdf","us","1998","National Security Strategy","eng"
"833","us_1999_NationalSecurityStrategy.pdf","us","1999","National Security Strategy","eng"
"834","us_2000_NationalSecurityStrategy.pdf","us","2000","National Security Strategy","eng"
"835","us_2001_SecurityStrategy.pdf","us","2001","Security Strategy","eng"
"836","us_2002_NationalSecurityStrategy.pdf","us","2002","National Security Strategy","eng"
"837","us_2004_MilitaryStrategy.pdf","us","2004","Military Strategy","eng"
"838","us_2005_NationalDefenseStrategy.pdf","us","2005","National Defense Strategy","eng"
"839","us_2006_NationalSecurityStrategy.pdf","us","2006","National Security Strategy","eng"
"840","us_2008_NationalDefenseStrategy.pdf","us","2008","National Defense Strategy","eng"
"841","us_2010_NationalSecurityStrategy.pdf","us","2010","National Security Strategy","eng"
"842","us_2011_NationalMilitaryStrategy.pdf","us","2011","National Military Strategy","eng"
"843","us_2012_DefenseGuidance.pdf","us","2012","Defense Guidance","eng"
"844","us_2015_MilitaryStrategy.pdf","us","2015","Military Strategy","eng"
"845","us_2015_NationalSecurityStrategy.pdf","us","2015","National Security Strategy","eng"
"846","us_2017_NationalSecurityStrategy.pdf","us","2017","National Security Strategy","eng"
"847","us_2018_DefenseStrategy.pdf","us","2018","Defense Strategy","eng"
"848","us_2018_MilitaryStrategy.pdf","us","2018","Military Strategy","eng"
"849","us_2021_InterimNationalSecurityStrategicGuidance.pdf","us","2021","Interim National Security Strategic Guidance","eng"
"850","us_2022_NationalDefenseStrategy.pdf","us","2022","National Defense Strategy","eng"
"851","us_2022_NationalSecurityStrategy.pdf","us","2022","National Security Strategy","eng"
"852","vanuatu_2019_SecurityStrategy.pdf","vanuatu","2019","Security Strategy","eng"
"853","vietnam_2009_NationalDefence.pdf","vietnam","2009","National Defence","eng"
"854","vietnam_2019_WhitePaper.pdf","vietnam","2019","White Paper","eng"
